date,code,direction,price,quantity,sell_type,pnl,pnl_pct,days_held,commission,stamp_tax
2024-01-02,600114,buy,15.336,6500,,,,,24.92,0.0
2024-01-02,603226,buy,7.254,13800,,,,,25.03,0.0
2024-01-02,600985,buy,15.159,6600,,,,,25.01,0.0
2024-01-03,600114,sell,14.876,6500,hard_stop,-3111.3,-0.0312,1.0,24.16,48.32
2024-01-03,603226,sell,7.49,13800,trailing_stop,3132.81,0.0313,1.0,25.83,51.66
2024-01-03,600985,sell,15.348,6600,trailing_stop,1116.8,0.0112,1.0,25.31,50.62
2024-01-03,600422,buy,21.49,4600,,,,,24.71,0.0
2024-01-03,600599,buy,16.198,6200,,,,,25.11,0.0
2024-01-03,002353,buy,27.304,3700,,,,,25.26,0.0
2024-01-04,600422,sell,20.845,4600,hard_stop,-3085.44,-0.0312,1.0,23.96,47.92
2024-01-04,600012,buy,10.878,8800,,,,,23.93,0.0
2024-01-04,600599,sell,16.87,6200,trailing_stop,4035.11,0.0402,1.0,26.14,52.27
2024-01-04,603379,buy,34.431,3000,,,,,25.82,0.0
2024-01-05,002353,sell,27.963,3700,trailing_stop,2306.43,0.0228,2.0,25.85,51.7
2024-01-05,603379,sell,35.442,3000,trailing_stop,2899.54,0.0281,1.0,26.57,53.14
2024-01-05,600706,buy,15.968,6600,,,,,26.35,0.0
2024-01-05,600983,buy,9.121,11600,,,,,26.45,0.0
2024-01-08,600706,sell,15.489,6600,hard_stop,-3289.41,-0.0312,1.0,25.54,51.09
2024-01-08,600983,sell,8.924,11600,hard_stop,-2418.11,-0.0229,1.0,25.87,51.73
2024-01-08,600599,buy,16.778,6100,,,,,25.59,0.0
2024-01-08,600706,buy,15.718,6500,,,,,25.54,0.0
2024-01-09,600012,sell,10.678,8800,soft_stop,-1872.34,-0.0196,2.0,23.48,46.96
2024-01-09,600599,sell,16.275,6100,hard_stop,-3194.5,-0.0312,1.0,24.81,49.61
2024-01-09,600599,buy,15.698,6100,,,,,23.94,0.0
2024-01-09,600983,buy,9.228,10600,,,,,24.45,0.0
2024-01-10,600706,sell,15.55,6500,hard_stop,-1217.36,-0.0119,2.0,25.26,50.51
2024-01-10,600599,sell,16.3,6100,trailing_stop,3548.9,0.0371,1.0,24.85,49.69
2024-01-10,600983,sell,9.416,10600,trailing_stop,1869.52,0.0191,1.0,24.94,49.88
2024-01-10,600012,buy,10.841,9200,,,,,24.93,0.0
2024-01-10,603379,buy,33.089,3000,,,,,24.82,0.0
2024-01-10,002353,buy,26.93,3700,,,,,24.91,0.0
2024-01-11,603379,sell,32.358,3000,hard_stop,-2315.05,-0.0233,1.0,24.26,48.51
2024-01-11,600599,buy,16.338,6000,,,,,24.51,0.0
2024-01-11,600012,sell,10.595,9200,hard_stop,-2381.24,-0.0239,1.0,24.36,48.71
2024-01-11,600605,buy,26.004,3700,,,,,24.05,0.0
2024-01-12,002353,sell,27.655,3700,trailing_stop,2557.16,0.0257,2.0,25.57,51.14
2024-01-12,600599,sell,15.848,6000,hard_stop,-3059.69,-0.0312,1.0,23.76,47.52
2024-01-12,600012,buy,10.619,9300,,,,,24.69,0.0
2024-01-12,600983,buy,9.247,10800,,,,,24.97,0.0
2024-01-16,600012,sell,10.762,9300,trailing_stop,1200.11,0.0122,2.0,25.01,50.02
2024-01-16,600706,buy,16.288,6100,,,,,24.84,0.0
2024-01-17,600605,sell,25.515,3700,soft_stop,-1928.93,-0.02,3.0,23.59,47.18
2024-01-17,600706,sell,16.1,6100,hard_stop,-1270.38,-0.0128,1.0,24.54,49.08
2024-01-17,600012,buy,10.924,8800,,,,,24.03,0.0
2024-01-17,002353,buy,28.111,3400,,,,,23.89,0.0
2024-01-17,600983,sell,9.416,10800,trailing_stop,1696.52,0.017,3.0,25.41,50.82
2024-01-17,600983,buy,9.42,10900,,,,,25.67,0.0
2024-01-18,002353,sell,27.559,3400,hard_stop,-1992.55,-0.0208,1.0,23.41,46.83
2024-01-18,600983,sell,9.155,10900,hard_stop,-3012.29,-0.0293,1.0,24.94,49.87
2024-01-18,603221,buy,10.573,9100,,,,,24.05,0.0
2024-01-18,603610,buy,12.814,7500,,,,,24.03,0.0
2024-01-18,600012,sell,10.623,8800,hard_stop,-2766.12,-0.0288,1.0,23.36,46.72
2024-01-18,600621,buy,13.592,6900,,,,,23.45,0.0
2024-01-19,603610,sell,12.429,7500,hard_stop,-2999.6,-0.0312,1.0,23.29,46.59
2024-01-19,600621,sell,13.634,6900,trailing_stop,174.46,0.0019,1.0,23.51,47.01
2024-01-19,600012,buy,10.933,8500,,,,,23.23,0.0
2024-01-19,600373,buy,12.349,7600,,,,,23.46,0.0
2024-01-22,600012,sell,10.715,8500,hard_stop,-1966.18,-0.0212,1.0,22.76,45.52
2024-01-22,600373,sell,12.325,7600,trailing_stop,-303.13,-0.0032,1.0,23.41,46.81
2024-01-22,600012,buy,10.73,8600,,,,,23.07,0.0
2024-01-22,601799,buy,135.576,600,,,,,20.34,0.0
2024-01-22,603221,sell,10.265,9100,hard_stop,-2914.9,-0.0303,2.0,23.34,46.68
2024-01-22,601898,buy,9.704,10800,,,,,26.2,0.0
2024-01-23,600012,sell,10.408,8600,hard_stop,-2880.2,-0.0312,1.0,22.37,44.73
2024-01-23,601799,sell,131.996,600,hard_stop,-2247.09,-0.0276,1.0,19.79,39.58
2024-01-23,600621,buy,13.444,6200,,,,,20.84,0.0
2024-01-23,601225,buy,20.275,4200,,,,,21.29,0.0
2024-01-24,601898,sell,9.899,10800,trailing_stop,1979.84,0.0189,2.0,26.71,53.43
2024-01-24,600621,sell,13.899,6200,trailing_stop,2713.0,0.0325,1.0,21.53,43.07
2024-01-24,601898,buy,9.986,9600,,,,,23.97,0.0
2024-01-24,603798,buy,11.012,8800,,,,,24.23,0.0
2024-01-24,601225,sell,20.852,4200,trailing_stop,2311.81,0.0271,1.0,21.88,43.77
2024-01-24,600621,buy,14.201,6100,,,,,21.66,0.0
2024-01-25,601898,sell,10.328,9600,trailing_stop,3153.48,0.0329,1.0,24.77,49.55
2024-01-25,603798,sell,10.682,8800,hard_stop,-3024.75,-0.0312,1.0,23.49,46.98
2024-01-25,600621,sell,16.286,6100,trailing_stop,12595.21,0.1454,1.0,24.82,49.65
2024-01-25,601898,buy,10.406,9300,,,,,24.19,0.0
2024-01-25,601928,buy,8.155,12000,,,,,24.46,0.0
2024-01-25,601225,buy,20.987,4600,,,,,24.13,0.0
2024-01-26,601898,sell,10.902,9300,trailing_stop,4487.46,0.0464,1.0,25.33,50.67
2024-01-26,601928,sell,8.395,12000,trailing_stop,2756.11,0.0282,1.0,25.17,50.34
2024-01-26,601898,buy,11.053,9200,,,,,25.42,0.0
2024-01-26,000999,buy,29.554,3400,,,,,25.12,0.0
2024-01-29,601898,sell,11.248,9200,trailing_stop,1664.82,0.0164,1.0,25.86,51.72
2024-01-29,000999,sell,30.328,3400,trailing_stop,2504.37,0.0249,1.0,25.77,51.53
2024-01-29,600012,buy,11.155,9300,,,,,25.94,0.0
2024-01-29,600750,buy,19.532,5300,,,,,25.88,0.0
2024-01-30,600012,sell,11.316,9300,trailing_stop,1362.99,0.0131,1.0,26.3,52.59
2024-01-30,600750,sell,19.703,5300,trailing_stop,774.05,0.0075,1.0,26.09,52.19
2024-01-30,600012,buy,11.358,9200,,,,,26.12,0.0
2024-01-30,601567,buy,19.938,5200,,,,,25.92,0.0
2024-01-30,601225,sell,21.332,4600,trailing_stop,1464.56,0.0152,3.0,24.52,49.04
2024-01-30,600131,buy,15.203,6500,,,,,24.7,0.0
2024-01-31,600012,sell,11.297,9200,trailing_stop,-692.01,-0.0066,1.0,25.97,51.94
2024-01-31,601567,sell,19.41,5200,hard_stop,-2875.81,-0.0277,1.0,25.22,50.44
2024-01-31,600012,buy,11.331,9000,,,,,25.49,0.0
2024-01-31,600373,buy,13.229,7800,,,,,25.8,0.0
2024-01-31,600131,sell,14.815,6500,hard_stop,-2643.68,-0.0268,1.0,24.06,48.12
2024-01-31,601898,buy,11.044,8700,,,,,24.02,0.0
2024-02-01,600373,sell,12.984,7800,hard_stop,-2035.07,-0.0197,1.0,25.31,50.61
2024-02-01,601898,sell,10.884,8700,trailing_stop,-1514.51,-0.0158,1.0,23.66,47.32
2024-02-01,600750,buy,19.27,5000,,,,,24.09,0.0
2024-02-01,603156,buy,20.081,4900,,,,,24.6,0.0
2024-02-02,600750,sell,19.495,5000,trailing_stop,1002.83,0.0104,1.0,24.36,48.71
2024-02-02,600750,buy,19.559,5000,,,,,24.45,0.0
2024-02-02,600012,sell,11.51,9000,trailing_stop,1482.33,0.0145,2.0,25.88,51.77
2024-02-02,600012,buy,11.516,9000,,,,,25.91,0.0
2024-02-05,600012,sell,11.685,9000,trailing_stop,1396.38,0.0135,1.0,26.28,52.56
2024-02-05,601898,buy,10.99,9600,,,,,26.37,0.0
2024-02-05,603156,sell,20.504,4900,trailing_stop,1946.71,0.0198,2.0,25.11,50.21
2024-02-05,601225,buy,21.609,4600,,,,,24.85,0.0
2024-02-05,600750,sell,19.198,5000,hard_stop,-1928.01,-0.0197,1.0,23.99,47.97
2024-02-05,601098,buy,10.266,9400,,,,,24.13,0.0
2024-02-06,601898,sell,11.203,9600,trailing_stop,1913.07,0.0181,1.0,26.87,53.75
2024-02-06,601098,sell,10.361,9400,trailing_stop,769.82,0.008,1.0,24.34,48.67
2024-02-06,600012,buy,12.135,8400,,,,,25.48,0.0
2024-02-06,600750,buy,19.776,5200,,,,,25.71,0.0
2024-02-07,600012,sell,12.434,8400,trailing_stop,2379.16,0.0233,1.0,26.1,52.19
2024-02-07,600750,sell,20.443,5200,trailing_stop,3334.14,0.0324,1.0,26.56,53.12
2024-02-07,600012,buy,12.329,8500,,,,,26.2,0.0
2024-02-07,600114,buy,12.226,8600,,,,,26.29,0.0
2024-02-07,601225,sell,21.038,4600,hard_stop,-2746.41,-0.0276,2.0,24.18,48.36
2024-02-07,600422,buy,19.856,4900,,,,,24.32,0.0
2024-02-08,600114,sell,12.433,8600,trailing_stop,1651.65,0.0157,1.0,26.72,53.44
2024-02-08,600422,sell,20.407,4900,trailing_stop,2572.44,0.0264,1.0,24.99,49.97
2024-02-08,600422,buy,20.291,5000,,,,,25.36,0.0
2024-02-08,600750,buy,21.707,4800,,,,,26.05,0.0
2024-02-08,600012,sell,12.498,8500,trailing_stop,1306.72,0.0125,1.0,26.55,53.09
2024-02-08,600012,buy,12.504,8500,,,,,26.57,0.0
2024-02-19,600422,sell,19.682,5000,hard_stop,-3166.66,-0.0312,1.0,24.59,49.18
2024-02-19,600750,sell,21.056,4800,hard_stop,-3252.18,-0.0312,1.0,25.25,50.51
2024-02-19,600012,sell,12.129,8500,hard_stop,-3317.48,-0.0312,1.0,25.76,51.52
2024-02-19,600012,buy,12.218,8200,,,,,25.05,0.0
2024-02-19,600560,buy,13.836,7300,,,,,25.25,0.0
2024-02-19,601898,buy,11.026,9200,,,,,25.36,0.0
2024-02-20,600012,sell,12.692,8200,trailing_stop,3758.71,0.0375,1.0,26.01,52.01
2024-02-20,600560,sell,14.373,7300,trailing_stop,3795.62,0.0376,1.0,26.22,52.44
2024-02-20,601898,sell,11.64,9200,trailing_stop,5518.06,0.0544,1.0,26.76,53.52
2024-02-20,600750,buy,20.796,5000,,,,,25.99,0.0
2024-02-20,603379,buy,40.406,2600,,,,,26.26,0.0
2024-02-20,600971,buy,10.414,10200,,,,,26.56,0.0
2024-02-21,600750,sell,21.336,5000,trailing_stop,2566.28,0.0247,1.0,26.66,53.31
2024-02-21,603379,sell,42.569,2600,trailing_stop,5485.77,0.0522,1.0,27.66,55.31
2024-02-21,600971,sell,10.628,10200,trailing_stop,2051.27,0.0193,1.0,27.09,54.18
2024-02-21,600589,buy,3.452,31400,,,,,27.1,0.0
2024-02-21,601001,buy,12.166,8900,,,,,27.07,0.0
2024-02-21,603379,buy,42.659,2500,,,,,26.66,0.0
2024-02-22,600589,sell,3.348,31400,hard_stop,-3382.9,-0.0312,1.0,26.27,52.54
2024-02-22,601001,sell,12.414,8900,trailing_stop,2062.56,0.019,1.0,27.61,55.21
2024-02-22,600589,buy,3.362,32400,,,,,27.23,0.0
2024-02-22,603118,buy,7.417,14600,,,,,27.07,0.0
2024-02-23,603379,sell,43.441,2500,trailing_stop,1818.06,0.017,2.0,27.14,54.27
2024-02-23,600589,sell,3.45,32400,trailing_stop,2721.88,0.025,1.0,27.93,55.86
2024-02-23,603118,sell,7.522,14600,trailing_stop,1385.65,0.0128,1.0,27.44,54.88
2024-02-23,600589,buy,3.512,31300,,,,,27.48,0.0
2024-02-23,600114,buy,13.557,8100,,,,,27.45,0.0
2024-02-23,600850,buy,19.048,5800,,,,,27.62,0.0
2024-02-26,600589,sell,3.406,31300,hard_stop,-3430.77,-0.0312,1.0,26.64,53.28
2024-02-26,600560,buy,16.769,6300,,,,,26.41,0.0
2024-02-26,600114,sell,13.735,8100,trailing_stop,1301.02,0.0118,1.0,27.8,55.6
2024-02-26,603118,buy,7.948,14100,,,,,28.02,0.0
2024-02-27,600560,sell,16.266,6300,hard_stop,-3297.43,-0.0312,1.0,25.61,51.21
2024-02-27,600589,buy,3.482,29400,,,,,25.59,0.0
2024-02-27,603118,sell,8.18,14100,trailing_stop,3122.77,0.0279,1.0,28.82,57.64
2024-02-27,603118,buy,8.184,14000,,,,,28.64,0.0
2024-02-28,600589,sell,3.59,29400,trailing_stop,3050.95,0.0298,1.0,26.37,52.75
2024-02-28,603118,sell,8.268,14000,trailing_stop,1035.35,0.009,1.0,28.92,57.85
2024-02-28,600850,sell,19.864,5800,trailing_stop,4587.29,0.0415,3.0,28.79,57.58
2024-02-28,603626,buy,6.118,18300,,,,,27.99,0.0
2024-02-28,600012,buy,12.153,9200,,,,,27.95,0.0
2024-02-28,600605,buy,21.743,5100,,,,,27.72,0.0
2024-02-29,603626,sell,5.935,18300,hard_stop,-3494.64,-0.0312,1.0,27.14,54.28
2024-02-29,600012,sell,12.184,9200,trailing_stop,143.98,0.0013,1.0,28.01,56.02
2024-02-29,600605,sell,21.091,5100,hard_stop,-3461.08,-0.0312,1.0,26.88,53.75
2024-02-29,600589,buy,3.562,30800,,,,,27.43,0.0
2024-02-29,603118,buy,7.801,14100,,,,,27.5,0.0
2024-02-29,600012,buy,12.273,8900,,,,,27.31,0.0
2024-03-01,600589,sell,3.73,30800,trailing_stop,5037.61,0.0459,1.0,28.71,57.41
2024-03-01,603118,sell,8.366,14100,trailing_stop,7827.96,0.0712,1.0,29.48,58.95
2024-03-01,600012,sell,12.295,8900,trailing_stop,55.31,0.0005,1.0,27.34,54.69
2024-03-01,603118,buy,8.282,13700,,,,,28.37,0.0
2024-03-01,603626,buy,6.001,19000,,,,,28.5,0.0
2024-03-01,600850,buy,20.066,5700,,,,,28.59,0.0
2024-03-04,603118,sell,8.837,13700,trailing_stop,7460.0,0.0657,1.0,30.25,60.51
2024-03-04,600850,sell,20.084,5700,trailing_stop,-36.13,-0.0003,1.0,28.61,57.21
2024-03-04,603118,buy,9.038,13000,,,,,29.37,0.0
2024-03-04,600850,buy,20.622,5700,,,,,29.39,0.0
2024-03-05,603118,sell,9.22,13000,trailing_stop,2216.89,0.0189,1.0,29.95,59.9
2024-03-05,600850,sell,20.152,5700,hard_stop,-2827.74,-0.0241,1.0,28.7,57.4
2024-03-05,603118,buy,9.097,12900,,,,,29.34,0.0
2024-03-05,600012,buy,12.699,9200,,,,,29.21,0.0
2024-03-05,603626,sell,5.92,19000,hard_stop,-1682.37,-0.0148,2.0,28.11,56.21
2024-03-05,605011,buy,23.342,4800,,,,,28.01,0.0
2024-03-06,603118,sell,8.946,12900,hard_stop,-2102.91,-0.0179,1.0,28.83,57.67
2024-03-06,600012,sell,12.923,9200,trailing_stop,1917.65,0.0164,1.0,29.71,59.42
2024-03-06,605011,sell,24.137,4800,trailing_stop,3673.82,0.0328,1.0,28.95,57.9
2024-03-06,600106,buy,6.192,18800,,,,,29.1,0.0
2024-03-06,605118,buy,15.885,7300,,,,,28.99,0.0
2024-03-06,603663,buy,10.509,11200,,,,,29.43,0.0
2024-03-07,603663,sell,10.732,11200,trailing_stop,2346.06,0.0199,1.0,30.04,60.07
2024-03-07,603116,buy,4.434,27200,,,,,30.15,0.0
2024-03-07,600106,sell,6.012,18800,hard_stop,-3528.91,-0.0303,1.0,28.24,56.48
2024-03-07,600012,buy,12.902,8700,,,,,28.06,0.0
2024-03-07,605118,sell,15.467,7300,hard_stop,-3186.86,-0.0275,1.0,28.21,56.43
2024-03-07,600589,buy,4.162,27300,,,,,28.41,0.0
2024-03-08,600012,sell,13.237,8700,trailing_stop,2773.52,0.0247,1.0,28.78,57.55
2024-03-08,600589,sell,4.27,27300,trailing_stop,2800.55,0.0246,1.0,29.13,58.26
2024-03-08,603663,buy,10.827,10600,,,,,28.69,0.0
2024-03-08,605168,buy,38.519,3000,,,,,28.89,0.0
2024-03-11,603663,sell,11.149,10600,trailing_stop,3264.57,0.0284,1.0,29.53,59.06
2024-03-11,605168,sell,44.49,3000,trailing_stop,17744.29,0.1536,1.0,33.35,66.7
2024-03-11,605168,buy,44.402,2800,,,,,31.08,0.0
2024-03-11,600133,buy,12.928,9900,,,,,32.0,0.0
2024-03-12,603116,sell,4.523,27200,trailing_stop,2281.49,0.0189,3.0,30.74,61.48
2024-03-12,605168,sell,43.244,2800,hard_stop,-3394.13,-0.0273,1.0,30.26,60.51
2024-03-12,600133,sell,12.54,9900,hard_stop,-3994.77,-0.0312,1.0,31.02,62.04
2024-03-12,603226,buy,4.212,29100,,,,,30.64,0.0
2024-03-12,603116,buy,4.525,27000,,,,,30.55,0.0
2024-03-12,605118,buy,16.161,7600,,,,,30.71,0.0
2024-03-13,603226,sell,4.31,29100,trailing_stop,2692.02,0.022,1.0,31.34,62.68
2024-03-13,603116,sell,4.587,27000,trailing_stop,1518.17,0.0124,1.0,30.95,61.9
2024-03-13,603037,buy,10.427,11900,,,,,31.02,0.0
2024-03-13,603556,buy,35.342,3500,,,,,30.92,0.0
2024-03-13,605118,sell,16.495,7600,trailing_stop,2386.18,0.0194,1.0,31.33,62.65
2024-03-13,603118,buy,9.372,13400,,,,,31.4,0.0
2024-03-14,603037,sell,10.114,11900,hard_stop,-3872.68,-0.0312,1.0,30.07,60.15
2024-03-14,603556,sell,36.179,3500,trailing_stop,2774.31,0.0224,1.0,31.64,63.28
2024-03-14,603118,sell,9.181,13400,trailing_stop,-2716.53,-0.0216,1.0,30.74,61.48
2024-03-14,600589,buy,4.182,29500,,,,,30.84,0.0
2024-03-14,603116,buy,4.617,26700,,,,,30.82,0.0
2024-03-14,603037,buy,10.354,11900,,,,,30.8,0.0
2024-03-15,603037,sell,10.043,11900,hard_stop,-3845.59,-0.0312,1.0,29.86,59.73
2024-03-15,603315,buy,11.62,10300,,,,,29.92,0.0
2024-03-15,600589,sell,4.25,29500,trailing_stop,1846.67,0.015,1.0,31.33,62.66
2024-03-15,603226,buy,4.452,28100,,,,,31.28,0.0
2024-03-15,603116,sell,4.688,26700,trailing_stop,1741.67,0.0141,1.0,31.28,62.56
2024-03-15,600589,buy,4.262,29300,,,,,31.22,0.0
2024-03-18,603315,sell,11.88,10300,trailing_stop,2531.41,0.0212,1.0,30.58,61.15
2024-03-18,600589,sell,4.35,29300,trailing_stop,2415.32,0.0193,1.0,31.85,63.7
2024-03-18,600689,buy,9.177,13600,,,,,31.2,0.0
2024-03-18,603556,buy,37.367,3300,,,,,30.83,0.0
2024-03-19,603226,sell,4.52,28100,trailing_stop,1745.76,0.014,2.0,31.74,63.47
2024-03-19,603556,sell,36.408,3300,hard_stop,-3317.34,-0.0269,1.0,30.02,60.04
2024-03-19,605118,buy,17.399,7100,,,,,30.88,0.0
2024-03-19,603999,buy,6.045,20600,,,,,31.13,0.0
2024-03-20,605118,sell,17.704,7100,trailing_stop,2011.34,0.0163,1.0,31.41,62.82
2024-03-20,603116,buy,4.736,26500,,,,,31.38,0.0
2024-03-20,603999,sell,6.151,20600,trailing_stop,2013.04,0.0162,1.0,31.66,63.32
2024-03-20,603226,buy,4.712,26900,,,,,31.69,0.0
2024-03-21,603226,sell,4.8,26900,trailing_stop,2196.3,0.0173,1.0,32.26,64.53
2024-03-21,603999,buy,6.331,20300,,,,,32.13,0.0
2024-03-21,600689,sell,9.532,13600,trailing_stop,4667.64,0.0374,3.0,32.39,64.79
2024-03-21,600232,buy,4.637,28000,,,,,32.46,0.0
2024-03-22,603999,sell,6.565,20300,trailing_stop,4571.59,0.0356,1.0,33.3,66.6
2024-03-22,603226,buy,5.453,24400,,,,,33.26,0.0
2024-03-22,600232,sell,4.513,28000,hard_stop,-3651.98,-0.0281,1.0,31.57,63.14
2024-03-22,600589,buy,4.872,25900,,,,,31.55,0.0
2024-03-25,603226,sell,5.289,24400,hard_stop,-4152.67,-0.0312,1.0,32.25,64.5
2024-03-25,600589,sell,4.82,25900,hard_stop,-1514.07,-0.012,1.0,31.19,62.39
2024-03-25,603037,buy,11.735,10800,,,,,31.68,0.0
2024-03-25,603315,buy,12.163,10400,,,,,31.62,0.0
2024-03-26,603037,sell,11.987,10800,trailing_stop,2557.17,0.0202,1.0,32.35,64.69
2024-03-26,603315,sell,11.798,10400,hard_stop,-3948.12,-0.0312,1.0,30.66,61.32
2024-03-26,600106,buy,6.221,20200,,,,,31.42,0.0
2024-03-26,600099,buy,8.097,15600,,,,,31.58,0.0
2024-03-26,603116,sell,4.596,26500,hard_stop,-3861.85,-0.0308,4.0,30.44,60.87
2024-03-26,603663,buy,11.492,10500,,,,,30.17,0.0
2024-03-27,603663,sell,13.242,10500,trailing_stop,18200.06,0.1508,1.0,34.74,69.48
2024-03-27,600012,buy,12.837,10900,,,,,34.98,0.0
2024-03-27,600106,sell,6.061,20200,hard_stop,-3395.75,-0.027,1.0,30.59,61.18
2024-03-27,603226,buy,4.952,24600,,,,,30.46,0.0
2024-03-27,600099,sell,7.874,15600,hard_stop,-3628.79,-0.0287,1.0,30.69,61.39
2024-03-27,600493,buy,5.708,21500,,,,,30.68,0.0
2024-03-28,603226,sell,4.804,24600,hard_stop,-3802.6,-0.0312,1.0,29.53,59.06
2024-03-28,600493,sell,5.725,21500,trailing_stop,200.68,0.0016,1.0,30.76,61.51
2024-03-28,603999,buy,5.976,20100,,,,,30.03,0.0
2024-03-28,600689,buy,9.107,13300,,,,,30.28,0.0
2024-03-29,603999,sell,6.052,20100,trailing_stop,1372.96,0.0114,1.0,30.4,60.79
2024-03-29,605118,buy,18.884,6400,,,,,30.21,0.0
2024-04-01,600689,sell,9.382,13300,trailing_stop,3504.5,0.0289,2.0,31.18,62.36
2024-04-01,605118,sell,18.399,6400,hard_stop,-3253.42,-0.0269,1.0,29.42,58.85
2024-04-01,603999,buy,6.095,19900,,,,,30.32,0.0
2024-04-01,600173,buy,4.034,30100,,,,,30.36,0.0
2024-04-01,600012,sell,12.544,10900,hard_stop,-3362.12,-0.024,3.0,34.17,68.33
2024-04-01,600232,buy,4.713,28900,,,,,34.05,0.0
2024-04-02,600232,sell,4.786,28900,trailing_stop,1937.2,0.0142,1.0,34.56,69.12
2024-04-02,600106,buy,6.467,21400,,,,,34.6,0.0
2024-04-02,600173,sell,4.17,30100,trailing_stop,3936.7,0.0324,1.0,31.36,62.73
2024-04-02,600173,buy,4.172,30000,,,,,31.29,0.0
2024-04-03,603999,sell,5.983,19900,hard_stop,-2367.11,-0.0195,2.0,29.75,59.5
2024-04-03,600173,sell,4.17,30000,trailing_stop,-218.88,-0.0017,1.0,31.26,62.52
2024-04-03,600106,sell,6.602,21400,trailing_stop,2702.04,0.0195,1.0,35.3,70.61
2024-04-03,603226,buy,5.002,25600,,,,,32.02,0.0
2024-04-03,600983,buy,8.379,15300,,,,,32.05,0.0
2024-04-03,605500,buy,7.433,17300,,,,,32.15,0.0
2024-04-08,605500,sell,7.21,17300,hard_stop,-4013.59,-0.0312,1.0,31.17,62.34
2024-04-08,603226,sell,4.88,25600,hard_stop,-3292.11,-0.0257,1.0,31.22,62.43
2024-04-08,600173,buy,4.33,28800,,,,,31.18,0.0
2024-04-08,605118,buy,17.98,6900,,,,,31.01,0.0
2024-04-09,600173,sell,4.85,28800,trailing_stop,14810.62,0.1188,1.0,34.9,69.81
2024-04-09,605118,sell,17.742,6900,trailing_stop,-1791.22,-0.0144,1.0,30.59,61.18
2024-04-09,600106,buy,6.369,20600,,,,,32.8,0.0
2024-04-09,600448,buy,2.751,47700,,,,,32.81,0.0
2024-04-10,600106,sell,6.248,20600,hard_stop,-2658.59,-0.0203,1.0,32.16,64.32
2024-04-10,600448,sell,2.79,47700,trailing_stop,1676.11,0.0128,1.0,33.25,66.51
2024-04-10,601918,buy,8.731,14900,,,,,32.52,0.0
2024-04-10,600012,buy,13.114,10000,,,,,32.79,0.0
2024-04-11,600983,sell,8.105,15300,soft_stop,-4347.67,-0.0339,3.0,30.99,61.97
2024-04-11,601918,sell,8.831,14900,trailing_stop,1335.38,0.0103,1.0,32.88,65.76
2024-04-11,605188,buy,9.334,13600,,,,,31.74,0.0
2024-04-11,600232,buy,4.694,27300,,,,,32.04,0.0
2024-04-12,605188,sell,9.054,13600,hard_stop,-3962.3,-0.0312,1.0,30.77,61.54
2024-04-12,600202,buy,5.052,24400,,,,,30.82,0.0
2024-04-15,600232,sell,4.644,27300,hard_stop,-1508.43,-0.0118,2.0,31.68,63.37
2024-04-15,600202,sell,4.9,24400,hard_stop,-3847.39,-0.0312,1.0,29.88,59.75
2024-04-15,600469,buy,5.656,21700,,,,,30.68,0.0
2024-04-15,605088,buy,23.996,5100,,,,,30.6,0.0
2024-04-15,600012,sell,13.561,10000,trailing_stop,4291.34,0.0327,3.0,33.88,67.77
2024-04-15,600012,buy,13.567,10000,,,,,33.92,0.0
2024-04-16,600469,sell,5.486,21700,hard_stop,-3830.78,-0.0312,1.0,29.75,59.5
2024-04-16,605088,sell,23.276,5100,hard_stop,-3819.77,-0.0312,1.0,29.66,59.33
2024-04-16,600757,buy,7.573,15700,,,,,29.72,0.0
2024-04-16,000999,buy,31.47,3700,,,,,29.11,0.0
2024-04-16,600012,sell,13.875,10000,trailing_stop,2899.54,0.0214,1.0,34.67,69.34
2024-04-16,600012,buy,13.882,10100,,,,,35.05,0.0
2024-04-17,600012,sell,13.607,10100,trailing_stop,-2947.44,-0.021,1.0,34.34,68.68
2024-04-17,601101,buy,7.667,18000,,,,,34.5,0.0
2024-04-18,000999,sell,32.078,3700,trailing_stop,2101.08,0.018,2.0,29.66,59.31
2024-04-18,601101,sell,7.817,18000,trailing_stop,2523.75,0.0183,1.0,35.16,70.32
2024-04-18,601101,buy,7.848,16500,,,,,32.37,0.0
2024-04-18,000999,buy,32.154,4000,,,,,32.15,0.0
2024-04-19,600757,sell,7.332,15700,soft_stop,-3930.32,-0.0331,2.0,28.76,57.53
2024-04-19,600012,buy,13.752,8400,,,,,28.88,0.0
2024-04-19,000999,sell,33.016,4000,trailing_stop,3280.91,0.0255,1.0,33.0,66.0
2024-04-19,600757,buy,7.39,17900,,,,,33.07,0.0
2024-04-22,600012,sell,13.958,8400,trailing_stop,1580.43,0.0137,1.0,29.3,58.59
2024-04-22,600012,buy,13.946,8400,,,,,29.29,0.0
2024-04-22,601101,sell,7.645,16500,hard_stop,-3506.61,-0.0271,2.0,31.52,63.04
2024-04-22,600599,buy,11.436,11000,,,,,31.45,0.0
2024-04-23,600757,sell,6.921,17900,soft_stop,-8556.12,-0.0647,1.0,30.96,61.91
2024-04-23,600012,sell,13.653,8400,hard_stop,-2607.28,-0.0223,1.0,28.66,57.31
2024-04-23,603838,buy,6.543,18200,,,,,29.77,0.0
2024-04-23,600592,buy,10.265,11600,,,,,29.77,0.0
2024-04-23,600599,sell,11.66,11000,trailing_stop,2306.86,0.0183,1.0,32.05,64.1
2024-04-23,600599,buy,11.666,11000,,,,,32.08,0.0
2024-04-24,603838,sell,6.347,18200,hard_stop,-3716.98,-0.0312,1.0,28.86,57.73
2024-04-24,600592,sell,10.573,11600,trailing_stop,3414.48,0.0287,1.0,30.65,61.29
2024-04-24,603993,buy,8.289,14300,,,,,29.63,0.0
2024-04-24,603129,buy,139.406,800,,,,,27.88,0.0
2024-04-24,600599,sell,11.85,11000,trailing_stop,1862.98,0.0145,1.0,32.57,65.14
2024-04-24,600599,buy,11.856,11600,,,,,34.38,0.0
2024-04-25,603993,sell,8.313,14300,trailing_stop,201.19,0.0017,1.0,29.7,59.41
2024-04-25,600599,sell,11.5,11600,hard_stop,-4292.57,-0.0312,1.0,33.33,66.67
2024-04-25,600012,buy,13.706,9200,,,,,31.52,0.0
2024-04-25,600285,buy,21.644,5800,,,,,31.38,0.0
2024-04-26,603129,sell,136.046,800,soft_stop,-2823.9,-0.0253,1.0,27.2,54.39
2024-04-26,600285,sell,23.561,5800,trailing_stop,10947.16,0.0872,1.0,34.15,68.29
2024-04-26,601918,buy,8.616,14200,,,,,30.59,0.0
2024-04-26,600724,buy,3.935,31300,,,,,30.79,0.0
2024-04-26,600012,sell,13.357,9200,hard_stop,-3361.0,-0.0267,1.0,30.71,61.41
2024-04-26,600285,buy,22.855,5300,,,,,30.28,0.0
2024-04-29,601918,sell,8.497,14200,hard_stop,-1838.8,-0.015,1.0,30.15,60.3
2024-04-29,600724,sell,3.998,31300,trailing_stop,1809.55,0.0147,1.0,31.27,62.53
2024-04-29,600285,sell,23.356,5300,trailing_stop,2499.39,0.0206,1.0,30.93,61.86
2024-04-29,603315,buy,12.36,10000,,,,,30.9,0.0
2024-04-29,605088,buy,23.795,5100,,,,,30.34,0.0
2024-04-29,603629,buy,24.949,5000,,,,,31.19,0.0
2024-04-30,605088,sell,23.879,5100,trailing_stop,275.08,0.0023,1.0,30.43,60.86
2024-04-30,600983,buy,8.504,14400,,,,,30.62,0.0
2024-04-30,603315,sell,12.482,10000,trailing_stop,1065.02,0.0086,1.0,31.19,62.38
2024-04-30,603556,buy,43.644,2800,,,,,30.55,0.0
2024-04-30,603629,sell,24.214,5000,hard_stop,-3826.91,-0.0307,1.0,30.25,60.5
2024-04-30,600985,buy,17.191,7100,,,,,30.51,0.0
2024-05-06,600983,sell,8.442,14400,trailing_stop,-1045.78,-0.0085,1.0,30.38,60.75
2024-05-06,600985,sell,17.058,7100,hard_stop,-1097.76,-0.009,1.0,30.26,60.53
2024-05-06,603999,buy,5.602,21700,,,,,30.39,0.0
2024-05-06,688253,buy,37.233,3200,,,,,29.79,0.0
2024-05-07,603556,sell,44.107,2800,trailing_stop,1142.04,0.0093,2.0,30.86,61.72
2024-05-07,600202,buy,4.882,25900,,,,,31.61,0.0
2024-05-07,688253,sell,43.961,3200,trailing_stop,21354.57,0.1792,1.0,35.15,70.3
2024-05-07,688253,buy,43.983,3100,,,,,34.09,0.0
2024-05-08,600202,sell,4.95,25900,trailing_stop,1582.22,0.0125,1.0,32.03,64.07
2024-05-08,601101,buy,8.328,15800,,,,,32.9,0.0
2024-05-09,603999,sell,5.52,21700,soft_stop,-1921.61,-0.0158,2.0,29.93,59.86
2024-05-09,603999,buy,5.572,21500,,,,,29.95,0.0
2024-05-09,601101,sell,8.396,15800,trailing_stop,912.08,0.0069,1.0,33.15,66.3
2024-05-09,603556,buy,45.062,2900,,,,,32.67,0.0
2024-05-10,603556,sell,45.533,2900,trailing_stop,1203.18,0.0092,1.0,33.0,65.99
2024-05-10,603682,buy,4.134,32400,,,,,33.48,0.0
2024-05-10,688253,sell,42.775,3100,hard_stop,-3910.58,-0.0287,3.0,33.13,66.27
2024-05-10,601918,buy,9.055,14600,,,,,33.05,0.0
2024-05-13,603999,sell,5.441,21500,hard_stop,-2961.1,-0.0247,2.0,29.23,58.46
2024-05-13,601918,sell,9.404,14600,trailing_stop,4919.87,0.0372,1.0,34.31,68.62
2024-05-13,601918,buy,9.447,13400,,,,,31.65,0.0
2024-05-13,601567,buy,33.583,3800,,,,,31.9,0.0
2024-05-14,601918,sell,9.29,13400,trailing_stop,-2265.79,-0.0179,1.0,31.1,62.21
2024-05-14,601567,sell,33.381,3800,trailing_stop,-926.4,-0.0073,1.0,31.7,63.39
2024-05-14,600448,buy,2.491,50300,,,,,31.33,0.0
2024-05-14,600202,buy,4.783,26200,,,,,31.33,0.0
2024-05-14,603682,sell,4.019,32400,hard_stop,-3885.85,-0.029,2.0,32.54,65.08
2024-05-14,603116,buy,4.736,27500,,,,,32.56,0.0
2024-05-15,600448,sell,2.52,50300,trailing_stop,1287.98,0.0103,1.0,31.67,63.35
2024-05-15,600202,sell,4.88,26200,hard_stop,2386.93,0.019,1.0,31.95,63.9
2024-05-15,603116,sell,4.844,27500,trailing_stop,2796.06,0.0215,1.0,33.29,66.57
2024-05-15,600099,buy,8.515,15100,,,,,32.14,0.0
2024-05-15,603315,buy,12.37,10400,,,,,32.16,0.0
2024-05-15,603682,buy,4.056,32000,,,,,32.45,0.0
2024-05-16,600099,sell,8.312,15100,hard_stop,-3223.63,-0.0251,1.0,31.36,62.72
2024-05-16,603315,sell,11.999,10400,hard_stop,-4015.41,-0.0312,1.0,31.18,62.36
2024-05-16,603682,sell,4.253,32000,trailing_stop,6153.84,0.0474,1.0,34.01,68.02
2024-05-16,600202,buy,5.072,25300,,,,,32.08,0.0
2024-05-16,600448,buy,2.571,50100,,,,,32.21,0.0
2024-05-16,600173,buy,4.379,29400,,,,,32.19,0.0
2024-05-17,600202,sell,5.029,25300,hard_stop,-1231.01,-0.0096,1.0,31.8,63.59
2024-05-17,600173,sell,4.495,29400,trailing_stop,3248.46,0.0252,1.0,33.02,66.05
2024-05-17,603226,buy,4.252,30400,,,,,32.32,0.0
2024-05-17,600561,buy,4.592,28300,,,,,32.49,0.0
2024-05-20,603226,sell,4.15,30400,hard_stop,-3262.25,-0.0252,1.0,31.52,63.05
2024-05-20,600561,sell,5.25,28300,trailing_stop,18427.39,0.1418,1.0,37.13,74.25
2024-05-20,600778,buy,4.632,29600,,,,,34.28,0.0
2024-05-20,600128,buy,7.412,18500,,,,,34.28,0.0
2024-05-21,600448,sell,2.52,50100,hard_stop,-2727.15,-0.0212,3.0,31.55,63.09
2024-05-21,600106,buy,6.251,20100,,,,,31.41,0.0
2024-05-22,600128,sell,7.165,18500,soft_stop,-4742.5,-0.0346,1.0,33.12,66.24
2024-05-22,600448,buy,2.531,52500,,,,,33.22,0.0
2024-05-23,600778,sell,4.57,29600,hard_stop,-2013.56,-0.0147,3.0,33.8,67.6
2024-05-23,600106,sell,6.09,20100,hard_stop,-3379.97,-0.0269,2.0,30.59,61.18
2024-05-23,600561,buy,4.712,27300,,,,,32.16,0.0
2024-05-23,603699,buy,18.599,6900,,,,,32.08,0.0
2024-05-23,600448,sell,2.48,52500,hard_stop,-2854.11,-0.0215,1.0,32.53,65.07
2024-05-23,600719,buy,8.994,14400,,,,,32.38,0.0
2024-05-24,600561,sell,4.571,27300,hard_stop,-4015.36,-0.0312,1.0,31.18,62.36
2024-05-24,600719,sell,9.74,14400,trailing_stop,10560.0,0.0815,1.0,35.05,70.09
2024-05-24,605081,buy,13.017,10200,,,,,33.19,0.0
2024-05-24,600757,buy,7.162,18500,,,,,33.12,0.0
2024-05-27,605081,sell,12.626,10200,hard_stop,-4143.98,-0.0312,1.0,32.18,64.36
2024-05-27,605028,buy,15.19,8400,,,,,31.9,0.0
2024-05-28,605028,sell,15.663,8400,trailing_stop,3815.41,0.0299,1.0,32.88,65.75
2024-05-28,605028,buy,15.792,8300,,,,,32.77,0.0
2024-05-29,605028,sell,15.318,8300,hard_stop,-4090.98,-0.0312,1.0,31.77,63.54
2024-05-29,601088,buy,37.812,3300,,,,,31.19,0.0
2024-05-30,603699,sell,18.127,6900,hard_stop,-3413.05,-0.0266,5.0,31.25,62.51
2024-05-30,601918,buy,9.953,12900,,,,,32.1,0.0
2024-06-03,600757,sell,7.341,18500,trailing_stop,3142.35,0.0237,6.0,33.93,67.87
2024-06-03,600757,buy,7.345,18400,,,,,33.79,0.0
2024-06-04,601918,sell,9.786,12900,soft_stop,-2315.67,-0.018,2.0,31.54,63.09
2024-06-04,605577,buy,18.517,6800,,,,,31.48,0.0
2024-06-05,605577,sell,18.065,6800,hard_stop,-3224.06,-0.0256,1.0,30.7,61.39
2024-06-05,601225,buy,23.103,5300,,,,,30.61,0.0
2024-06-05,600757,sell,7.149,18400,hard_stop,-3759.93,-0.0278,2.0,32.87,65.74
2024-06-05,002050,buy,23.805,5500,,,,,32.73,0.0
2024-06-06,601088,sell,37.53,3300,time_stop,-1085.83,-0.0087,5.0,30.95,61.89
2024-06-06,601088,buy,38.005,3200,,,,,30.4,0.0
2024-06-06,601225,sell,24.025,5300,trailing_stop,4725.97,0.0386,1.0,31.82,63.63
2024-06-06,600642,buy,8.291,15700,,,,,32.54,0.0
2024-06-07,002050,sell,23.297,5500,soft_stop,-2957.48,-0.0226,1.0,32.02,64.03
2024-06-07,601088,sell,38.82,3200,trailing_stop,2451.52,0.0202,1.0,31.04,62.08
2024-06-07,600757,buy,7.472,16800,,,,,31.38,0.0
2024-06-07,601019,buy,12.332,10200,,,,,31.45,0.0
2024-06-11,600757,sell,7.478,16800,trailing_stop,-66.33,-0.0005,1.0,31.39,62.78
2024-06-11,601298,buy,8.029,15700,,,,,31.51,0.0
2024-06-11,600642,sell,8.078,15700,hard_stop,-3500.99,-0.0269,2.0,31.69,63.38
2024-06-11,600725,buy,3.032,41900,,,,,31.76,0.0
2024-06-12,601298,sell,7.805,15700,hard_stop,-3675.91,-0.0292,1.0,30.62,61.24
2024-06-12,002938,buy,31.308,3900,,,,,30.52,0.0
2024-06-12,601019,sell,12.677,10200,trailing_stop,3359.61,0.0267,2.0,32.31,64.62
2024-06-12,600757,buy,7.6,17000,,,,,32.3,0.0
2024-06-12,600725,sell,3.08,41900,trailing_stop,1870.25,0.0147,1.0,32.25,64.49
2024-06-12,601918,buy,9.82,13100,,,,,32.16,0.0
2024-06-13,002938,sell,31.498,3900,trailing_stop,588.99,0.0048,1.0,30.7,61.39
2024-06-13,600757,sell,7.743,17000,trailing_stop,2254.44,0.0174,1.0,32.89,65.78
2024-06-13,000807,buy,14.148,8900,,,,,31.48,0.0
2024-06-13,601898,buy,12.157,10500,,,,,31.91,0.0
2024-06-13,601918,sell,9.977,13100,trailing_stop,1898.6,0.0148,1.0,32.66,65.32
2024-06-13,603320,buy,14.217,9200,,,,,32.7,0.0
2024-06-14,603320,sell,15.35,9200,trailing_stop,10249.16,0.0784,1.0,35.29,70.57
2024-06-14,600757,buy,8.048,17600,,,,,35.41,0.0
2024-06-14,000807,sell,13.896,8900,hard_stop,-2399.0,-0.0191,1.0,30.9,61.81
2024-06-14,601811,buy,14.442,8500,,,,,30.69,0.0
2024-06-14,601898,sell,11.804,10500,hard_stop,-3855.71,-0.0302,1.0,30.97,61.94
2024-06-14,600719,buy,10.435,11900,,,,,31.04,0.0
2024-06-17,600757,sell,8.053,17600,trailing_stop,-87.2,-0.0006,1.0,35.42,70.83
2024-06-17,600719,sell,10.3,11900,hard_stop,-1762.23,-0.0142,1.0,30.63,61.25
2024-06-17,605081,buy,12.996,10100,,,,,32.82,0.0
2024-06-17,603025,buy,13.881,9500,,,,,32.97,0.0
2024-06-18,605081,sell,12.65,10100,hard_stop,-3659.26,-0.0279,1.0,31.93,63.85
2024-06-18,605577,buy,17.553,7300,,,,,32.03,0.0
2024-06-19,601811,sell,14.255,8500,soft_stop,-1743.46,-0.0142,2.0,30.28,60.55
2024-06-19,603025,sell,14.312,9500,trailing_stop,3926.44,0.0298,2.0,33.97,67.95
2024-06-19,605081,buy,12.866,10000,,,,,32.17,0.0
2024-06-19,603838,buy,6.353,20200,,,,,32.08,0.0
2024-06-19,605577,sell,17.033,7300,hard_stop,-3950.44,-0.0308,1.0,31.07,62.14
2024-06-19,002653,buy,32.886,3700,,,,,30.42,0.0
2024-06-20,605081,sell,12.64,10000,hard_stop,-2422.25,-0.0188,1.0,31.58,63.17
2024-06-20,603838,sell,6.163,20200,hard_stop,-4005.58,-0.0312,1.0,31.11,62.21
2024-06-20,002653,sell,33.512,3700,trailing_stop,2161.74,0.0178,1.0,30.98,61.97
2024-06-20,603993,buy,8.155,15400,,,,,31.4,0.0
2024-06-20,002653,buy,33.529,3700,,,,,31.01,0.0
2024-06-20,601298,buy,8.341,15200,,,,,31.7,0.0
2024-06-21,002653,sell,32.524,3700,hard_stop,-3870.06,-0.0312,1.0,30.07,60.14
2024-06-21,600757,buy,7.625,15800,,,,,30.12,0.0
2024-06-21,601298,sell,8.576,15200,trailing_stop,3402.48,0.0268,1.0,32.57,65.15
2024-06-21,601811,buy,14.006,9300,,,,,32.56,0.0
2024-06-24,603993,sell,7.779,15400,soft_stop,-5938.17,-0.0473,1.0,29.93,59.87
2024-06-24,601000,buy,4.291,27900,,,,,29.93,0.0
2024-06-24,600757,sell,7.429,15800,hard_stop,-3236.02,-0.0269,1.0,29.33,58.66
2024-06-24,600285,buy,23.662,4900,,,,,28.99,0.0
2024-06-24,601811,sell,13.601,9300,hard_stop,-3925.28,-0.0301,1.0,31.61,63.21
2024-06-24,002353,buy,36.287,3500,,,,,31.75,0.0
2024-06-25,600285,sell,23.025,4900,hard_stop,-3263.44,-0.0281,1.0,28.19,56.38
2024-06-25,605188,buy,7.418,15200,,,,,28.19,0.0
2024-06-26,002353,sell,35.325,3500,soft_stop,-3521.76,-0.0277,1.0,30.89,61.79
2024-06-26,601009,buy,9.192,13500,,,,,31.02,0.0
2024-06-26,605188,sell,7.224,15200,hard_stop,-3079.25,-0.0273,1.0,27.44,54.88
2024-06-26,002273,buy,15.858,6900,,,,,27.36,0.0
2024-06-27,002273,sell,16.301,6900,trailing_stop,2917.91,0.0267,1.0,28.11,56.21
2024-06-27,601000,sell,4.365,27900,trailing_stop,1915.2,0.016,3.0,30.43,60.86
2024-06-27,601000,buy,4.367,26800,,,,,29.26,0.0
2024-06-27,003816,buy,4.372,26700,,,,,29.19,0.0
2024-06-28,601009,sell,9.501,13500,trailing_stop,4019.97,0.0324,2.0,32.05,64.1
2024-06-28,600757,buy,7.682,16700,,,,,32.07,0.0
2024-06-28,601000,sell,4.47,26800,trailing_stop,2601.41,0.0222,1.0,29.93,59.87
2024-06-28,601000,buy,4.472,26700,,,,,29.85,0.0
2024-07-01,003816,sell,4.495,26700,trailing_stop,3118.23,0.0267,2.0,29.99,59.98
2024-07-01,601088,buy,39.559,3000,,,,,29.67,0.0
2024-07-01,600757,sell,7.956,16700,trailing_stop,4412.28,0.0344,1.0,33.2,66.4
2024-07-01,600757,buy,7.96,16800,,,,,33.43,0.0
2024-07-01,601000,sell,4.575,26700,trailing_stop,2586.81,0.0217,1.0,30.52,61.04
2024-07-01,601000,buy,4.577,26700,,,,,30.55,0.0
2024-07-03,601088,sell,39.934,3000,trailing_stop,975.58,0.0082,2.0,29.94,59.87
2024-07-03,600448,buy,2.071,57800,,,,,29.93,0.0
2024-07-04,600448,sell,2.03,57800,hard_stop,-2518.45,-0.021,1.0,29.32,58.64
2024-07-04,603993,buy,8.47,13800,,,,,29.22,0.0
2024-07-04,601000,sell,4.67,26700,trailing_stop,2327.76,0.019,3.0,31.16,62.31
2024-07-04,600350,buy,8.594,14500,,,,,31.15,0.0
2024-07-08,600757,sell,8.081,16800,trailing_stop,1857.07,0.0139,5.0,33.92,67.85
2024-07-08,603993,sell,8.705,13800,trailing_stop,3089.24,0.0264,2.0,30.02,60.03
2024-07-08,605081,buy,13.197,9600,,,,,31.67,0.0
2024-07-08,600219,buy,3.581,36000,,,,,32.23,0.0
2024-07-09,600219,sell,3.651,36000,trailing_stop,2354.76,0.0183,1.0,32.84,65.68
2024-07-09,601298,buy,8.994,14600,,,,,32.83,0.0
2024-07-09,605081,sell,13.45,9600,trailing_stop,2271.34,0.0179,1.0,32.26,64.53
2024-07-09,601918,buy,10.073,12800,,,,,32.23,0.0
2024-07-10,601298,sell,8.724,14600,hard_stop,-4098.41,-0.0312,1.0,31.83,63.65
2024-07-10,601918,sell,9.816,12800,hard_stop,-3446.25,-0.0267,1.0,31.4,62.79
2024-07-10,603129,buy,146.297,800,,,,,29.26,0.0
2024-07-10,601899,buy,18.432,7300,,,,,33.64,0.0
2024-07-11,601899,sell,17.975,7300,hard_stop,-3494.0,-0.026,1.0,32.79,65.58
2024-07-11,001872,buy,20.275,6500,,,,,32.95,0.0
2024-07-12,600350,sell,8.455,14500,time_stop,-2161.47,-0.0173,5.0,30.63,61.27
2024-07-12,605081,buy,14.107,8700,,,,,30.68,0.0
2024-07-15,001872,sell,19.777,6500,soft_stop,-3397.5,-0.0258,1.0,32.12,64.24
2024-07-15,603129,sell,143.171,800,hard_stop,-2644.23,-0.0226,3.0,28.62,57.24
2024-07-15,603993,buy,8.806,13700,,,,,30.16,0.0
2024-07-15,603236,buy,50.74,2400,,,,,30.44,0.0
2024-07-15,605081,sell,13.79,8700,hard_stop,-2908.26,-0.0237,1.0,29.98,59.96
2024-07-15,605188,buy,8.447,14200,,,,,29.99,0.0
2024-07-16,605188,sell,8.503,14200,trailing_stop,640.48,0.0053,1.0,30.17,60.34
2024-07-16,603828,buy,1.501,80400,,,,,30.17,0.0
2024-07-17,603236,sell,51.432,2400,trailing_stop,1506.82,0.0124,2.0,30.84,61.69
2024-07-17,600386,buy,3.245,38000,,,,,30.83,0.0
2024-07-17,603993,sell,8.559,13700,hard_stop,-3526.76,-0.0292,2.0,29.3,58.6
2024-07-17,605081,buy,13.327,8700,,,,,28.99,0.0
2024-07-17,603828,sell,1.53,80400,trailing_stop,2197.98,0.0182,1.0,30.74,61.48
2024-07-17,603828,buy,1.531,81000,,,,,31.0,0.0
2024-07-18,600386,sell,3.164,38000,hard_stop,-3227.13,-0.0262,1.0,30.04,60.09
2024-07-18,605081,sell,12.927,8700,hard_stop,-3618.8,-0.0312,1.0,28.1,56.2
2024-07-18,603828,sell,1.5,81000,hard_stop,-2643.79,-0.0213,1.0,30.36,60.72
2024-07-18,601188,buy,3.17,37200,,,,,29.48,0.0
2024-07-18,600561,buy,4.352,27000,,,,,29.38,0.0
2024-07-18,603713,buy,54.556,2100,,,,,28.64,0.0
2024-07-19,601188,sell,3.355,37200,trailing_stop,6718.3,0.057,1.0,31.18,62.37
2024-07-19,600561,sell,4.53,27000,trailing_stop,4648.43,0.0396,1.0,30.56,61.12
2024-07-19,603236,buy,49.845,2500,,,,,31.15,0.0
2024-07-19,600386,buy,3.185,39500,,,,,31.46,0.0
2024-07-19,603713,sell,53.108,2100,hard_stop,-3180.07,-0.0278,1.0,27.87,55.74
2024-07-19,605136,buy,5.784,19200,,,,,27.76,0.0
2024-07-22,603236,sell,49.269,2500,trailing_stop,-1592.16,-0.0128,1.0,30.78,61.56
2024-07-22,600386,sell,3.09,39500,hard_stop,-3927.3,-0.0312,1.0,30.5,61.0
2024-07-22,601020,buy,14.017,8700,,,,,30.49,0.0
2024-07-22,600148,buy,12.185,10100,,,,,30.77,0.0
2024-07-23,605136,sell,5.901,19200,trailing_stop,2103.38,0.0189,2.0,28.31,56.62
2024-07-23,601020,sell,13.652,8700,hard_stop,-3325.9,-0.0273,1.0,29.68,59.36
2024-07-23,603828,buy,1.681,68900,,,,,28.95,0.0
2024-07-23,605500,buy,6.072,19100,,,,,28.99,0.0
2024-07-24,600148,sell,11.92,10100,hard_stop,-2831.3,-0.023,2.0,30.08,60.16
2024-07-24,603828,sell,1.63,68900,hard_stop,-3614.67,-0.0312,1.0,28.07,56.14
2024-07-24,603236,buy,47.032,2400,,,,,28.22,0.0
2024-07-24,603129,buy,143.536,800,,,,,28.71,0.0
2024-07-25,605500,sell,5.952,19100,hard_stop,-2443.59,-0.0211,2.0,28.4,56.81
2024-07-25,603236,sell,45.621,2400,hard_stop,-3523.16,-0.0312,1.0,27.36,54.72
2024-07-25,603129,sell,139.23,800,hard_stop,-3584.05,-0.0312,1.0,27.83,55.66
2024-07-25,605081,buy,14.527,7700,,,,,27.96,0.0
2024-07-25,600386,buy,2.997,37800,,,,,28.32,0.0
2024-07-25,601188,buy,3.386,33500,,,,,28.36,0.0
2024-07-26,605081,sell,14.091,7700,hard_stop,-3491.39,-0.0312,1.0,27.11,54.22
2024-07-26,600386,sell,3.144,37800,trailing_stop,5418.72,0.0478,1.0,29.7,59.4
2024-07-26,601188,sell,3.414,33500,trailing_stop,786.24,0.0069,1.0,28.57,57.15
2024-07-26,603828,buy,1.681,67700,,,,,28.45,0.0
2024-07-26,600148,buy,12.316,9200,,,,,28.33,0.0
2024-07-26,603706,buy,15.266,7400,,,,,28.24,0.0
2024-07-29,603828,sell,1.63,67700,hard_stop,-3551.72,-0.0312,1.0,27.58,55.16
2024-07-29,600148,sell,12.72,9200,trailing_stop,3569.14,0.0315,1.0,29.24,58.48
2024-07-29,605188,buy,8.267,13800,,,,,28.52,0.0
2024-07-29,600148,buy,12.586,9000,,,,,28.32,0.0
2024-07-30,605188,sell,8.483,13800,trailing_stop,2830.25,0.0248,1.0,29.25,58.5
2024-07-30,605081,buy,14.867,7900,,,,,29.36,0.0
2024-07-30,600148,sell,12.88,9000,trailing_stop,2498.53,0.0221,1.0,28.97,57.93
2024-07-30,601000,buy,5.13,22600,,,,,28.98,0.0
2024-07-31,605081,sell,15.72,7900,trailing_stop,6580.11,0.056,1.0,31.03,62.06
2024-07-31,603385,buy,5.372,23100,,,,,31.03,0.0
2024-07-31,601000,sell,5.042,22600,hard_stop,-2138.83,-0.0184,1.0,28.47,56.94
2024-07-31,605081,buy,16.048,7100,,,,,28.49,0.0
2024-08-01,603385,sell,5.507,23100,trailing_stop,2959.51,0.0238,1.0,31.79,63.58
2024-08-01,605081,sell,16.32,7100,trailing_stop,1786.26,0.0157,1.0,28.95,57.91
2024-08-01,600757,buy,7.816,15500,,,,,30.29,0.0
2024-08-01,603385,buy,5.54,21900,,,,,30.33,0.0
2024-08-05,603706,sell,14.808,7400,soft_stop,-3531.08,-0.0313,5.0,27.38,54.76
2024-08-05,603272,buy,8.623,12700,,,,,27.38,0.0
2024-08-05,600757,sell,7.621,15500,hard_stop,-3179.77,-0.0262,2.0,29.52,59.03
2024-08-05,603021,buy,2.711,43500,,,,,29.49,0.0
2024-08-05,603385,sell,5.373,21900,hard_stop,-3786.6,-0.0312,2.0,29.4,58.81
2024-08-06,603272,sell,8.499,12700,hard_stop,-1704.6,-0.0156,1.0,26.97,53.94
2024-08-06,600202,buy,3.597,31300,,,,,28.15,0.0
2024-08-06,603385,buy,5.412,20800,,,,,28.14,0.0
2024-08-07,603021,sell,2.74,43500,trailing_stop,1097.11,0.0093,2.0,29.78,59.57
2024-08-07,600202,sell,3.665,31300,trailing_stop,1982.46,0.0176,1.0,28.66,57.33
2024-08-07,603385,sell,5.507,20800,trailing_stop,1846.19,0.0164,1.0,28.62,57.25
2024-08-07,601811,buy,13.342,8700,,,,,29.02,0.0
2024-08-07,600130,buy,3.222,36000,,,,,28.99,0.0
2024-08-07,603036,buy,9.65,12000,,,,,28.95,0.0
2024-08-08,600130,sell,3.21,36000,trailing_stop,-562.37,-0.0048,1.0,28.88,57.75
2024-08-08,603897,buy,15.522,7400,,,,,28.72,0.0
2024-08-09,603897,sell,16.25,7400,trailing_stop,5234.09,0.0456,1.0,30.05,60.09
2024-08-09,603385,buy,5.549,21800,,,,,30.24,0.0
2024-08-12,603036,sell,9.408,12000,hard_stop,-3042.12,-0.0263,3.0,28.21,56.42
2024-08-12,603897,buy,15.594,7200,,,,,28.07,0.0
2024-08-14,601811,sell,13.506,8700,trailing_stop,1279.41,0.011,5.0,29.36,58.72
2024-08-14,603326,buy,5.05,23300,,,,,29.41,0.0
2024-08-15,603385,sell,5.409,21800,hard_stop,-3209.33,-0.0265,4.0,29.46,58.93
2024-08-15,605081,buy,14.557,8000,,,,,29.11,0.0
2024-08-16,605081,sell,14.15,8000,hard_stop,-3399.66,-0.0292,1.0,28.29,56.57
2024-08-16,605058,buy,17.463,6500,,,,,28.38,0.0
2024-08-19,603326,sell,4.974,23300,soft_stop,-1920.4,-0.0163,2.0,28.96,57.91
2024-08-19,603993,buy,7.283,16000,,,,,29.13,0.0
2024-08-20,603897,sell,15.443,7200,time_stop,-1228.16,-0.0109,5.0,27.78,55.57
2024-08-20,600202,buy,3.697,30000,,,,,27.73,0.0
2024-08-21,605058,sell,17.669,6500,soft_stop,1196.51,0.0105,2.0,28.7,57.4
2024-08-21,600202,sell,3.586,30000,hard_stop,-3461.49,-0.0312,1.0,26.88,53.76
2024-08-21,601600,buy,6.437,17200,,,,,27.68,0.0
2024-08-21,002653,buy,29.434,3700,,,,,27.23,0.0
2024-08-23,002653,sell,29.726,3700,trailing_stop,942.01,0.0086,2.0,27.48,54.97
2024-08-23,600757,buy,7.97,14100,,,,,28.09,0.0
2024-08-26,601600,sell,6.558,17200,trailing_stop,1947.62,0.0176,3.0,28.19,56.37
2024-08-26,002653,buy,30.156,3700,,,,,27.89,0.0
2024-08-27,600757,sell,8.186,14100,trailing_stop,2908.29,0.0259,2.0,28.84,57.68
2024-08-27,600757,buy,8.19,14200,,,,,29.08,0.0
2024-08-27,603993,sell,7.357,16000,trailing_stop,1035.4,0.0089,6.0,29.41,58.83
2024-08-27,601872,buy,8.044,14600,,,,,29.36,0.0
2024-08-27,002653,sell,30.27,3700,trailing_stop,279.78,0.0025,1.0,27.99,55.97
2024-08-27,600552,buy,12.23,9100,,,,,27.82,0.0
2024-08-28,600552,sell,11.955,9100,hard_stop,-2637.34,-0.0237,1.0,27.18,54.37
2024-08-28,603129,buy,133.637,800,,,,,26.73,0.0
2024-08-28,601872,sell,7.821,14600,hard_stop,-3404.11,-0.029,1.0,28.53,57.06
2024-08-28,002653,buy,30.7,3700,,,,,28.4,0.0
2024-08-30,002653,sell,30.171,3700,hard_stop,-2098.26,-0.0185,2.0,27.89,55.79
2024-08-30,605058,buy,17.571,6500,,,,,28.55,0.0
2024-08-30,603129,sell,135.538,800,trailing_stop,1384.68,0.013,2.0,27.09,54.19
2024-08-30,603993,buy,7.293,14800,,,,,26.98,0.0
2024-09-02,605058,sell,17.669,6500,trailing_stop,497.78,0.0044,1.0,28.7,57.4
2024-09-02,603828,buy,1.691,68100,,,,,28.79,0.0
2024-09-02,603993,sell,7.086,14800,hard_stop,-3197.65,-0.0296,1.0,26.2,52.41
2024-09-02,603021,buy,2.781,37600,,,,,26.15,0.0
2024-09-03,603828,sell,1.74,68100,trailing_stop,3199.38,0.0278,1.0,29.61,59.22
2024-09-03,603052,buy,20.898,5600,,,,,29.26,0.0
2024-09-04,603021,sell,2.7,37600,soft_stop,-3187.13,-0.0305,1.0,25.37,50.73
2024-09-04,603052,sell,20.271,5600,hard_stop,-3652.72,-0.0312,1.0,28.37,56.73
2024-09-04,603129,buy,132.913,800,,,,,26.58,0.0
2024-09-04,603829,buy,12.975,8400,,,,,27.25,0.0
2024-09-04,600757,sell,8.349,14200,trailing_stop,2107.75,0.0181,6.0,29.63,59.25
2024-09-04,600757,buy,8.353,14200,,,,,29.65,0.0
2024-09-05,603829,sell,13.118,8400,trailing_stop,1059.04,0.0097,1.0,27.53,55.07
2024-09-05,605058,buy,17.59,6200,,,,,27.27,0.0
2024-09-06,605058,sell,17.63,6200,trailing_stop,111.7,0.001,1.0,27.31,54.63
2024-09-06,600599,buy,11.496,9600,,,,,27.59,0.0
2024-09-06,600757,sell,8.599,14200,trailing_stop,3327.24,0.028,2.0,30.51,61.02
2024-09-06,600757,buy,8.603,14200,,,,,30.54,0.0
2024-09-09,603129,sell,130.028,800,soft_stop,-2437.85,-0.0229,2.0,25.99,51.99
2024-09-09,600599,sell,11.61,9600,trailing_stop,957.57,0.0087,1.0,27.85,55.7
2024-09-09,603829,buy,13.114,8200,,,,,26.88,0.0
2024-09-09,603880,buy,3.642,29500,,,,,26.86,0.0
2024-09-10,603880,sell,3.54,29500,hard_stop,-3134.19,-0.0292,1.0,26.09,52.19
2024-09-10,603129,buy,138.337,700,,,,,24.21,0.0
2024-09-10,603829,sell,13.376,8200,trailing_stop,2007.73,0.0187,1.0,27.41,54.81
2024-09-10,603829,buy,13.383,8700,,,,,29.11,0.0
2024-09-11,603829,sell,13.515,8700,trailing_stop,1004.38,0.0086,1.0,29.38,58.76
2024-09-11,603021,buy,2.841,41600,,,,,29.55,0.0
2024-09-11,603129,sell,141.458,700,trailing_stop,2061.06,0.0213,1.0,24.74,49.49
2024-09-11,603129,buy,141.529,600,,,,,21.23,0.0
2024-09-12,603129,sell,145.529,600,trailing_stop,2291.06,0.027,1.0,21.82,43.64
2024-09-12,603129,buy,145.191,600,,,,,21.78,0.0
2024-09-12,600757,sell,8.397,14200,hard_stop,-3068.56,-0.0251,4.0,29.8,59.59
2024-09-12,600071,buy,16.678,7900,,,,,32.94,0.0
2024-09-13,600071,sell,17.06,7900,trailing_stop,2846.74,0.0216,1.0,33.68,67.35
2024-09-13,600071,buy,17.069,7900,,,,,33.71,0.0
2024-09-13,603021,sell,2.77,41600,hard_stop,-3115.07,-0.0264,2.0,28.79,57.59
2024-09-13,600455,buy,16.498,7000,,,,,28.87,0.0
2024-09-13,603129,sell,141.155,600,hard_stop,-2527.39,-0.029,1.0,21.16,42.33
2024-09-13,600128,buy,6.553,13000,,,,,21.3,0.0
2024-09-18,600455,sell,16.07,7000,hard_stop,-3138.29,-0.0272,1.0,28.11,56.22
2024-09-18,002653,buy,33.066,3300,,,,,27.28,0.0
2024-09-18,600128,sell,6.371,13000,hard_stop,-2464.56,-0.0289,1.0,20.7,41.39
2024-09-18,603129,buy,144.368,500,,,,,18.05,0.0
2024-09-18,600071,sell,16.77,7900,hard_stop,-2523.94,-0.0187,1.0,33.1,66.21
2024-09-18,600455,buy,16.568,8800,,,,,36.45,0.0
2024-09-19,002653,sell,33.516,3300,trailing_stop,1347.06,0.0123,1.0,27.64,55.27
2024-09-19,603129,sell,147.271,500,trailing_stop,1359.4,0.0188,1.0,18.4,36.8
2024-09-19,600455,sell,16.52,8800,trailing_stop,-606.53,-0.0042,1.0,36.33,72.65
2024-09-19,603129,buy,148.902,700,,,,,26.06,0.0
2024-09-19,600599,buy,11.346,9900,,,,,28.08,0.0
2024-09-19,603897,buy,16.159,6900,,,,,27.87,0.0
2024-09-20,600599,sell,11.75,9900,trailing_stop,3857.5,0.0343,1.0,29.07,58.13
2024-09-20,603326,buy,4.801,24400,,,,,29.29,0.0
2024-09-23,603326,sell,4.826,24400,trailing_stop,468.49,0.004,1.0,29.42,58.85
2024-09-23,603993,buy,7.283,16100,,,,,29.32,0.0
2024-09-23,603129,sell,144.932,700,hard_stop,-2905.28,-0.0279,2.0,25.35,50.7
2024-09-23,603021,buy,2.781,36600,,,,,25.45,0.0
2024-09-24,603993,sell,7.444,16100,trailing_stop,2444.67,0.0208,1.0,29.95,59.9
2024-09-24,600071,buy,17.619,6800,,,,,29.95,0.0
2024-09-24,603021,sell,2.83,36600,trailing_stop,1649.69,0.0162,1.0,25.88,51.76
2024-09-24,603993,buy,7.458,13800,,,,,25.73,0.0
2024-09-24,603897,sell,16.449,6900,trailing_stop,1855.1,0.0166,3.0,28.36,56.72
2024-09-24,002050,buy,17.992,6300,,,,,28.34,0.0
2024-09-25,603993,sell,7.871,13800,trailing_stop,5564.81,0.0541,1.0,27.14,54.28
2024-09-25,002050,sell,18.416,6300,trailing_stop,2526.82,0.0223,1.0,28.99,57.98
2024-09-25,601020,buy,11.219,10000,,,,,28.05,0.0
2024-09-25,601898,buy,13.528,8300,,,,,28.07,0.0
2024-09-26,600071,sell,17.84,6800,trailing_stop,1352.53,0.0113,2.0,30.31,60.63
2024-09-26,601020,sell,11.024,10000,trailing_stop,-2089.38,-0.0186,1.0,27.55,55.09
2024-09-26,603499,buy,12.268,9400,,,,,28.83,0.0
2024-09-26,002050,buy,18.937,6100,,,,,28.88,0.0
2024-09-26,601898,sell,13.217,8300,hard_stop,-2716.91,-0.0242,1.0,27.41,54.82
2024-09-26,600071,buy,18.159,6000,,,,,27.24,0.0
2024-09-27,603499,sell,13.571,9400,trailing_stop,12094.19,0.1049,1.0,31.88,63.75
2024-09-27,002050,sell,19.942,6100,trailing_stop,5974.54,0.0517,1.0,30.4,60.79
2024-09-27,600071,sell,18.78,6000,trailing_stop,3584.74,0.0329,1.0,28.16,56.31
2024-09-27,605081,buy,12.386,9700,,,,,30.04,0.0
2024-09-27,601020,buy,11.579,10400,,,,,30.1,0.0
2024-09-27,603993,buy,8.117,15000,,,,,30.44,0.0
2024-09-30,605081,sell,12.79,9700,trailing_stop,3761.92,0.0313,1.0,31.0,62.0
2024-09-30,601020,sell,12.561,10400,trailing_stop,10048.46,0.0834,1.0,32.64,65.28
2024-09-30,603993,sell,8.54,15000,trailing_stop,6176.62,0.0507,1.0,32.01,64.02
2024-09-30,601000,buy,4.892,26000,,,,,31.8,0.0
2024-09-30,605081,buy,12.606,10100,,,,,31.83,0.0
2024-09-30,002653,buy,34.666,3600,,,,,31.2,0.0
2024-10-08,601000,sell,5.175,26000,trailing_stop,7202.11,0.0566,1.0,33.62,67.24
2024-10-08,605081,sell,13.75,10100,trailing_stop,11377.83,0.0894,1.0,34.7,69.4
2024-10-08,002653,sell,40.357,3600,trailing_stop,20306.75,0.1627,1.0,36.3,72.61
2024-10-09,603828,buy,2.021,69500,,,,,35.12,0.0
2024-10-09,603129,buy,165.468,800,,,,,33.09,0.0
2024-10-09,002050,buy,25.555,5800,,,,,37.05,0.0
2024-10-10,603828,sell,2.01,69500,trailing_stop,-939.76,-0.0067,1.0,34.91,69.81
2024-10-10,603129,sell,160.504,800,hard_stop,-4131.69,-0.0312,1.0,32.08,64.17
2024-10-10,002050,sell,24.788,5800,hard_stop,-4626.24,-0.0312,1.0,35.93,71.85
2024-10-10,600071,buy,20.49,6600,,,,,33.81,0.0
2024-10-10,601872,buy,6.966,19800,,,,,34.48,0.0
2024-10-10,002653,buy,39.145,3500,,,,,34.25,0.0
2024-10-11,600071,sell,20.41,6600,hard_stop,-697.92,-0.0052,1.0,33.66,67.32
2024-10-11,601872,sell,7.001,19800,trailing_stop,513.24,0.0037,1.0,34.64,69.27
2024-10-11,002653,sell,37.971,3500,hard_stop,-4276.33,-0.0312,1.0,33.21,66.42
2024-10-11,600071,buy,20.53,6600,,,,,33.87,0.0
2024-10-11,603828,buy,2.241,60500,,,,,33.9,0.0
2024-10-11,603499,buy,14.35,9400,,,,,33.72,0.0
2024-10-14,600071,sell,19.914,6600,hard_stop,-4229.24,-0.0312,1.0,32.84,65.68
2024-10-14,603828,sell,2.35,60500,trailing_stop,6409.57,0.0473,1.0,35.53,71.05
2024-10-14,603499,sell,15.242,9400,trailing_stop,8205.04,0.0608,1.0,35.8,71.6
2024-10-14,605081,buy,11.706,11800,,,,,34.53,0.0
2024-10-14,601872,buy,7.3,19100,,,,,34.86,0.0
2024-10-14,600455,buy,18.119,7700,,,,,34.88,0.0
2024-10-15,601872,sell,7.182,19100,hard_stop,-2427.11,-0.0174,1.0,34.28,68.55
2024-10-15,600455,sell,18.78,7700,trailing_stop,4908.57,0.0352,1.0,36.13,72.27
2024-10-15,600071,buy,20.47,6800,,,,,34.8,0.0
2024-10-15,603828,buy,2.161,65800,,,,,35.55,0.0
2024-10-16,605081,sell,11.26,11800,soft_stop,-5427.07,-0.0393,1.0,33.2,66.4
2024-10-16,600071,sell,20.51,6800,trailing_stop,96.15,0.0007,1.0,34.85,69.7
2024-10-16,603828,sell,2.096,65800,hard_stop,-4438.34,-0.0312,1.0,34.47,68.93
2024-10-16,600455,buy,19.21,7100,,,,,34.1,0.0
2024-10-16,603326,buy,5.686,24000,,,,,34.11,0.0
2024-10-16,603660,buy,6.693,20400,,,,,34.14,0.0
2024-10-17,600455,sell,20.07,7100,trailing_stop,5930.77,0.0435,1.0,35.61,71.21
2024-10-17,603660,sell,6.96,20400,trailing_stop,5262.34,0.0385,1.0,35.48,70.96
2024-10-17,600071,buy,22.091,6400,,,,,35.35,0.0
2024-10-17,603828,buy,2.031,70400,,,,,35.75,0.0
2024-10-18,600071,sell,21.428,6400,hard_stop,-4412.85,-0.0312,1.0,34.27,68.54
2024-10-18,603828,sell,2.12,70400,trailing_stop,6078.04,0.0425,1.0,37.29,74.59
2024-10-18,603828,buy,2.131,67100,,,,,35.75,0.0
2024-10-18,603042,buy,11.836,12000,,,,,35.51,0.0
2024-10-21,603828,sell,2.27,67100,trailing_stop,9132.2,0.0639,1.0,38.06,76.12
2024-10-21,603042,sell,12.08,12000,trailing_stop,2747.87,0.0193,1.0,36.22,72.44
2024-10-21,603828,buy,2.281,65200,,,,,37.18,0.0
2024-10-21,600148,buy,16.528,9000,,,,,37.19,0.0
2024-10-22,600148,sell,16.33,9000,hard_stop,-1968.0,-0.0132,1.0,36.72,73.45
2024-10-22,605136,buy,7.234,20300,,,,,36.71,0.0
2024-10-23,605136,sell,7.3,20300,trailing_stop,1162.43,0.0079,1.0,37.03,74.06
2024-10-23,605081,buy,12.146,12200,,,,,37.05,0.0
2024-10-24,605081,sell,12.1,12200,trailing_stop,-746.52,-0.005,1.0,36.89,73.77
2024-10-24,603682,buy,3.822,38500,,,,,36.79,0.0
2024-10-25,603828,sell,2.63,65200,trailing_stop,22531.39,0.1515,4.0,42.85,85.7
2024-10-25,600071,buy,25.413,6700,,,,,42.57,0.0
2024-10-25,603326,sell,5.784,24000,trailing_stop,2189.85,0.016,7.0,34.69,69.37
2024-10-25,603023,buy,2.461,56800,,,,,34.95,0.0
2024-10-28,603682,sell,3.975,38500,trailing_stop,5688.84,0.0387,2.0,38.24,76.48
2024-10-28,600071,sell,25.93,6700,trailing_stop,3248.81,0.0191,1.0,43.41,86.82
2024-10-28,603023,sell,2.387,56800,hard_stop,-4363.39,-0.0312,1.0,33.88,67.77
2024-10-28,605081,buy,13.827,11100,,,,,38.37,0.0
2024-10-28,600148,buy,17.889,8600,,,,,38.46,0.0
2024-10-28,600455,buy,23.252,6600,,,,,38.37,0.0
2024-10-29,605081,sell,13.98,11100,trailing_stop,1505.38,0.0098,1.0,38.78,77.55
2024-10-29,600148,sell,18.95,8600,trailing_stop,8921.46,0.058,1.0,40.72,81.44
2024-10-29,600455,sell,23.34,6600,trailing_stop,390.81,0.0025,1.0,38.49,76.98
2024-10-29,600148,buy,18.739,8400,,,,,39.35,0.0
2024-10-29,603813,buy,12.086,13000,,,,,39.28,0.0
2024-10-29,600539,buy,6.313,25000,,,,,39.46,0.0
2024-10-30,600148,sell,18.74,8400,trailing_stop,-191.38,-0.0012,1.0,39.33,78.67
2024-10-30,603813,sell,11.81,13000,hard_stop,-3780.37,-0.0241,1.0,38.36,76.73
2024-10-30,600539,sell,6.2,25000,hard_stop,-3022.57,-0.0192,1.0,38.73,77.46
2024-10-30,603023,buy,2.661,58200,,,,,38.72,0.0
2024-10-30,002124,buy,2.901,53500,,,,,38.81,0.0
2024-10-30,603499,buy,20.052,7700,,,,,38.6,0.0
2024-10-31,603023,sell,2.6,58200,hard_stop,-3758.5,-0.0243,1.0,37.81,75.62
2024-10-31,002124,sell,2.98,53500,trailing_stop,4003.2,0.0258,1.0,39.84,79.68
2024-10-31,603499,sell,20.07,7700,trailing_stop,-52.23,-0.0003,1.0,38.62,77.23
2024-10-31,600148,buy,19.51,7900,,,,,38.53,0.0
2024-10-31,002124,buy,2.951,52700,,,,,38.89,0.0
2024-10-31,600539,buy,5.893,26400,,,,,38.89,0.0
2024-11-01,600148,sell,20.25,7900,trailing_stop,5648.07,0.0366,1.0,39.97,79.95
2024-11-01,002124,sell,2.863,52700,hard_stop,-4854.82,-0.0312,1.0,37.7,75.4
2024-11-01,600539,sell,5.99,26400,trailing_stop,2364.64,0.0152,1.0,39.51,79.03
2024-11-01,002124,buy,2.921,53400,,,,,39.0,0.0
2024-11-01,603813,buy,12.656,12300,,,,,38.92,0.0
2024-11-01,600533,buy,2.551,61400,,,,,39.16,0.0
2024-11-04,002124,sell,3.06,53400,trailing_stop,7193.84,0.0461,1.0,40.83,81.66
2024-11-04,603813,sell,12.277,12300,hard_stop,-4858.88,-0.0312,1.0,37.73,75.46
2024-11-04,600533,sell,2.52,61400,hard_stop,-2113.64,-0.0135,1.0,38.66,77.33
2024-11-04,603023,buy,2.481,62900,,,,,39.02,0.0
2024-11-04,600071,buy,25.093,6200,,,,,38.89,0.0
2024-11-04,603042,buy,12.486,12500,,,,,39.02,0.0
2024-11-05,603023,sell,2.57,62900,trailing_stop,5381.0,0.0345,1.0,40.39,80.79
2024-11-05,600071,sell,24.46,6200,hard_stop,-4111.26,-0.0264,1.0,37.89,75.79
2024-11-05,603023,buy,2.621,59800,,,,,39.19,0.0
2024-11-05,600539,buy,5.883,26600,,,,,39.12,0.0
2024-11-05,603042,sell,12.67,12500,trailing_stop,2099.09,0.0134,1.0,39.57,79.15
2024-11-05,603042,buy,12.676,12500,,,,,39.61,0.0
2024-11-06,603023,sell,2.71,59800,trailing_stop,5101.15,0.0325,1.0,40.49,80.99
2024-11-06,600539,sell,5.96,26600,trailing_stop,1851.69,0.0118,1.0,39.61,79.23
2024-11-06,603272,buy,12.85,12400,,,,,39.84,0.0
2024-11-06,603813,buy,12.296,13000,,,,,39.96,0.0
2024-11-06,603042,sell,12.9,12500,trailing_stop,2594.31,0.0164,1.0,40.29,80.58
2024-11-06,603023,buy,2.691,60200,,,,,40.5,0.0
2024-11-07,603272,sell,13.51,12400,trailing_stop,7969.9,0.05,1.0,41.86,83.72
2024-11-07,603023,sell,2.81,60200,trailing_stop,6931.64,0.0428,1.0,42.27,84.54
2024-11-07,603023,buy,2.841,59100,,,,,41.98,0.0
2024-11-07,600071,buy,25.353,6600,,,,,41.83,0.0
2024-11-07,603813,sell,12.56,13000,trailing_stop,3226.08,0.0202,1.0,40.8,81.6
2024-11-07,603272,buy,13.427,12200,,,,,40.95,0.0
2024-11-08,603272,sell,13.738,12200,trailing_stop,3589.6,0.0219,1.0,41.88,83.76
2024-11-08,603272,buy,13.745,12100,,,,,41.58,0.0
2024-11-08,600071,sell,25.91,6600,trailing_stop,3464.68,0.0207,1.0,42.73,85.46
2024-11-08,600071,buy,25.923,6600,,,,,42.77,0.0
2024-11-11,603272,sell,13.43,12100,hard_stop,-4015.0,-0.0241,1.0,40.61,81.21
2024-11-11,603023,sell,2.9,59100,trailing_stop,3247.9,0.0193,2.0,42.83,85.65
2024-11-11,600071,sell,25.47,6600,hard_stop,-3199.57,-0.0187,1.0,42.0,84.01
2024-11-11,603023,buy,2.901,57600,,,,,41.78,0.0
2024-11-11,603879,buy,3.882,43100,,,,,41.83,0.0
2024-11-11,603660,buy,7.494,22300,,,,,41.78,0.0
2024-11-12,603023,sell,3.02,57600,trailing_stop,6611.11,0.0396,1.0,43.47,86.93
2024-11-12,603879,sell,4.14,43100,trailing_stop,10899.41,0.0651,1.0,44.59,89.17
2024-11-12,603660,sell,7.5,22300,trailing_stop,-69.51,-0.0004,1.0,41.79,83.58
2024-11-12,600071,buy,26.213,6600,,,,,43.25,0.0
2024-11-12,603879,buy,4.162,41600,,,,,43.29,0.0
2024-11-12,603828,buy,3.002,57700,,,,,43.3,0.0
2024-11-13,600071,sell,25.427,6600,hard_stop,-5399.9,-0.0312,1.0,41.93,83.87
2024-11-13,603879,sell,4.037,41600,hard_stop,-5404.15,-0.0312,1.0,41.97,83.93
2024-11-13,603828,sell,3.22,57700,trailing_stop,12375.28,0.0715,1.0,46.43,92.85
2024-11-13,603828,buy,3.222,53900,,,,,43.41,0.0
2024-11-13,600148,buy,21.141,8200,,,,,43.34,0.0
2024-11-13,600539,buy,7.434,23300,,,,,43.3,0.0
2024-11-14,603828,sell,3.42,53900,trailing_stop,10462.87,0.0603,1.0,46.06,92.12
2024-11-14,600148,sell,21.02,8200,trailing_stop,-1204.02,-0.0069,1.0,43.07,86.14
2024-11-14,600539,sell,7.97,23300,trailing_stop,12263.38,0.0708,1.0,46.4,92.8
2024-11-14,603828,buy,3.422,52800,,,,,45.17,0.0
2024-11-14,600539,buy,7.824,23100,,,,,45.18,0.0
2024-11-14,603272,buy,14.809,12200,,,,,45.17,0.0
2024-11-15,603828,sell,3.59,52800,trailing_stop,8648.84,0.0479,1.0,47.36,94.73
2024-11-15,600539,sell,7.95,23100,trailing_stop,2683.19,0.0148,1.0,45.89,91.78
2024-11-15,600539,buy,7.864,23700,,,,,46.59,0.0
2024-11-15,603660,buy,7.304,25500,,,,,46.56,0.0
2024-11-15,603272,sell,14.464,12200,hard_stop,-4434.27,-0.0245,1.0,44.09,88.19
2024-11-15,600455,buy,22.841,7700,,,,,43.97,0.0
2024-11-18,600539,sell,7.628,23700,hard_stop,-5817.17,-0.0312,1.0,45.17,90.35
2024-11-18,603660,sell,7.09,25500,hard_stop,-5674.0,-0.0305,1.0,45.18,90.35
2024-11-18,600455,sell,22.45,7700,hard_stop,-3229.91,-0.0184,1.0,43.19,86.39
2024-11-18,600148,buy,20.71,8500,,,,,44.01,0.0
2024-11-18,603828,buy,3.522,50800,,,,,44.73,0.0
2024-11-18,600734,buy,4.052,44200,,,,,44.77,0.0
2024-11-19,600148,sell,23.87,8500,trailing_stop,26603.48,0.1511,1.0,50.7,101.4
2024-11-19,603828,sell,3.416,50800,hard_stop,-5584.02,-0.0312,1.0,43.36,86.73
2024-11-19,600734,sell,3.93,44200,hard_stop,-5590.08,-0.0312,1.0,43.41,86.82
2024-11-19,002124,buy,3.152,58100,,,,,45.78,0.0
2024-11-19,603813,buy,12.056,15100,,,,,45.51,0.0
2024-11-19,600603,buy,9.755,18800,,,,,45.85,0.0
2024-11-20,600603,sell,10.19,18800,trailing_stop,7940.96,0.0433,1.0,47.87,95.74
2024-11-20,002124,sell,3.23,58100,trailing_stop,4321.98,0.0236,1.0,46.89,93.78
2024-11-20,603023,buy,2.811,67500,,,,,47.44,0.0
2024-11-20,603879,buy,3.792,50000,,,,,47.4,0.0
2024-11-20,603813,sell,12.25,15100,trailing_stop,2697.87,0.0148,1.0,46.22,92.44
2024-11-20,603828,buy,3.272,56500,,,,,46.21,0.0
2024-11-21,603023,sell,2.98,67500,trailing_stop,11128.8,0.0586,1.0,50.26,100.52
2024-11-21,603879,sell,4.08,50000,trailing_stop,14150.33,0.0746,1.0,50.97,101.95
2024-11-21,603828,sell,3.23,56500,hard_stop,-2580.43,-0.014,1.0,45.6,91.2
2024-11-21,603042,buy,12.926,15100,,,,,48.8,0.0
2024-11-21,600302,buy,5.343,36600,,,,,48.89,0.0
2024-11-21,600603,buy,10.475,18700,,,,,48.97,0.0
2024-11-22,603042,sell,13.1,15100,trailing_stop,2373.27,0.0122,1.0,49.43,98.86
2024-11-22,600302,sell,5.44,36600,trailing_stop,3313.47,0.0169,1.0,49.75,99.5
2024-11-22,603023,buy,3.102,63900,,,,,49.55,0.0
2024-11-22,603828,buy,3.222,61500,,,,,49.53,0.0
2024-11-22,600603,sell,10.2,18700,hard_stop,-5385.25,-0.0275,1.0,47.66,95.32
2024-11-22,600539,buy,7.284,26100,,,,,47.53,0.0
2024-11-25,603023,sell,3.009,63900,hard_stop,-6185.9,-0.0312,1.0,48.04,96.07
2024-11-25,603828,sell,3.36,61500,trailing_stop,8252.76,0.0417,1.0,51.63,103.27
2024-11-25,600539,sell,7.11,26100,hard_stop,-4763.9,-0.0251,1.0,46.37,92.74
2024-11-25,603828,buy,3.412,57000,,,,,48.62,0.0
2024-11-25,600319,buy,5.163,37700,,,,,48.66,0.0
2024-11-25,603272,buy,13.974,13900,,,,,48.56,0.0
2024-11-26,603828,sell,3.309,57000,hard_stop,-6069.74,-0.0312,1.0,47.13,94.27
2024-11-26,603272,sell,14.762,13900,trailing_stop,10700.75,0.0551,1.0,51.27,102.55
2024-11-26,603660,buy,7.874,25000,,,,,49.21,0.0
2024-11-26,603813,buy,12.776,15400,,,,,49.19,0.0
2024-11-26,600319,sell,5.23,37700,trailing_stop,2295.34,0.0118,1.0,49.27,98.54
2024-11-26,603272,buy,15.157,13000,,,,,49.26,0.0
2024-11-27,603813,sell,12.64,15400,hard_stop,-2343.58,-0.0119,1.0,48.64,97.28
2024-11-27,603272,sell,14.703,13000,hard_stop,-6150.25,-0.0312,1.0,47.76,95.52
2024-11-27,603869,buy,6.274,30700,,,,,48.16,0.0
2024-11-27,600735,buy,5.093,37800,,,,,48.12,0.0
2024-11-28,600735,sell,5.14,37800,trailing_stop,1551.01,0.0081,1.0,48.55,97.1
2024-11-28,603272,buy,14.939,13000,,,,,48.55,0.0
2024-11-29,603660,sell,9.76,25000,trailing_stop,46846.72,0.238,3.0,60.97,121.94
2024-11-29,603272,sell,15.498,13000,trailing_stop,7017.36,0.0361,1.0,50.34,100.69
2024-11-29,600539,buy,7.384,30100,,,,,55.56,0.0
2024-11-29,600148,buy,25.213,8800,,,,,55.47,0.0
2024-11-29,603869,sell,6.391,30700,trailing_stop,3337.43,0.0173,2.0,49.03,98.05
2024-11-29,603879,buy,3.862,50900,,,,,49.14,0.0
2024-12-02,600539,sell,7.65,30100,trailing_stop,7728.19,0.0348,1.0,57.54,115.07
2024-12-02,600148,sell,26.01,8800,trailing_stop,6731.1,0.0303,1.0,57.19,114.39
2024-12-02,603879,sell,4.04,50900,trailing_stop,8806.8,0.0448,1.0,51.38,102.77
2024-12-02,603023,buy,2.901,76200,,,,,55.27,0.0
2024-12-02,603879,buy,4.102,53900,,,,,55.28,0.0
2024-12-02,600539,buy,7.604,29100,,,,,55.32,0.0
2024-12-03,603879,sell,4.18,53900,trailing_stop,3919.96,0.0177,1.0,56.3,112.59
2024-12-03,603879,buy,4.182,53900,,,,,56.35,0.0
2024-12-04,603879,sell,4.07,53900,trailing_stop,-6315.78,-0.028,1.0,54.82,109.63
2024-12-04,603660,buy,8.644,25300,,,,,54.68,0.0
2024-12-04,600539,sell,7.44,29100,hard_stop,-5037.13,-0.0228,2.0,54.1,108.2
2024-12-04,603789,buy,9.465,22800,,,,,53.95,0.0
2024-12-05,603023,sell,2.85,76200,soft_stop,-4191.87,-0.019,2.0,54.27,108.53
2024-12-05,603660,sell,8.4,25300,hard_stop,-6446.87,-0.0295,1.0,53.1,106.21
2024-12-05,603789,sell,9.53,22800,trailing_stop,1216.63,0.0056,1.0,54.29,108.59
2024-12-05,603272,buy,15.774,13600,,,,,53.63,0.0
2024-12-05,600448,buy,3.022,71500,,,,,54.01,0.0
2024-12-05,603042,buy,13.297,16200,,,,,53.85,0.0
2024-12-06,603272,sell,16.184,13600,trailing_stop,5295.97,0.0247,1.0,55.0,109.99
2024-12-06,600448,sell,3.08,71500,trailing_stop,3906.84,0.0181,1.0,55.03,110.05
2024-12-06,600319,buy,5.503,40000,,,,,55.03,0.0
2024-12-06,600448,buy,3.082,71500,,,,,55.08,0.0
2024-12-06,603042,sell,13.58,16200,trailing_stop,4315.44,0.02,1.0,54.97,109.94
2024-12-06,600148,buy,24.562,8900,,,,,54.65,0.0
2024-12-09,600448,sell,3.13,71500,trailing_stop,3185.23,0.0145,1.0,55.92,111.84
2024-12-09,600148,sell,24.83,8900,trailing_stop,2106.6,0.0096,1.0,55.22,110.44
2024-12-09,603377,buy,2.471,90000,,,,,55.6,0.0
2024-12-09,601798,buy,7.034,31600,,,,,55.56,0.0
2024-12-10,600319,sell,5.49,40000,trailing_stop,-784.42,-0.0036,2.0,54.87,109.75
2024-12-10,603377,sell,2.58,90000,trailing_stop,9498.69,0.0427,1.0,58.02,116.04
2024-12-10,603272,buy,17.624,12800,,,,,56.4,0.0
2024-12-10,600539,buy,7.524,30000,,,,,56.43,0.0
2024-12-11,601798,sell,6.82,31600,soft_stop,-7016.38,-0.0316,1.0,53.85,107.7
2024-12-11,603272,sell,17.095,12800,hard_stop,-7041.06,-0.0312,1.0,54.68,109.36
2024-12-11,603272,buy,17.336,12500,,,,,54.17,0.0
2024-12-11,600071,buy,23.472,9200,,,,,53.98,0.0
2024-12-12,600539,sell,7.62,30000,trailing_stop,2601.54,0.0115,2.0,57.12,114.24
2024-12-12,600319,buy,5.613,40900,,,,,57.39,0.0
2024-12-12,603272,sell,16.959,12500,hard_stop,-4970.85,-0.0229,1.0,52.97,105.94
2024-12-12,600448,buy,3.282,64500,,,,,52.92,0.0
2024-12-12,600071,sell,22.83,9200,hard_stop,-6166.38,-0.0286,1.0,52.48,104.97
2024-12-12,600539,buy,7.794,26900,,,,,52.41,0.0
2024-12-13,600448,sell,3.33,64500,trailing_stop,2850.82,0.0135,1.0,53.67,107.34
2024-12-13,600539,sell,8.02,26900,trailing_stop,5812.63,0.0277,1.0,53.91,107.82
2024-12-13,601921,buy,8.209,26100,,,,,53.56,0.0
2024-12-13,603789,buy,11.186,19200,,,,,53.69,0.0
2024-12-16,603789,sell,10.85,19200,hard_stop,-6703.22,-0.0312,1.0,52.05,104.11
2024-12-16,600539,buy,7.764,26900,,,,,52.21,0.0
2024-12-16,601921,sell,8.338,26100,trailing_stop,3098.97,0.0145,1.0,54.38,108.76
2024-12-16,600071,buy,23.232,9300,,,,,54.01,0.0
2024-12-17,600539,sell,7.63,26900,trailing_stop,-3857.85,-0.0185,1.0,51.29,102.57
2024-12-17,600319,sell,5.5,40900,hard_stop,-4894.83,-0.0213,3.0,56.21,112.42
2024-12-17,603023,buy,3.052,70600,,,,,53.86,0.0
2024-12-17,603813,buy,15.388,14000,,,,,53.86,0.0
2024-12-17,600071,sell,22.61,9300,hard_stop,-6043.74,-0.028,1.0,52.54,105.08
2024-12-18,603023,sell,2.96,70600,hard_stop,-6724.27,-0.0312,1.0,52.22,104.44
2024-12-18,603813,sell,14.926,14000,hard_stop,-6723.96,-0.0312,1.0,52.22,104.43
2024-12-18,600071,buy,23.562,8800,,,,,51.84,0.0
2024-12-18,600818,buy,13.945,15000,,,,,52.29,0.0
2024-12-18,600381,buy,3.472,60700,,,,,52.68,0.0
2024-12-19,600071,sell,25.78,8800,trailing_stop,19236.89,0.0928,1.0,56.69,113.38
2024-12-19,600381,sell,3.46,60700,trailing_stop,-974.76,-0.0046,1.0,52.48,104.96
2024-12-19,600071,buy,25.433,8500,,,,,54.04,0.0
2024-12-19,603789,buy,10.005,22000,,,,,55.03,0.0
2024-12-19,600818,sell,13.598,15000,hard_stop,-5455.0,-0.0261,1.0,50.97,101.94
2024-12-19,603220,buy,24.878,8100,,,,,50.38,0.0
2024-12-20,603789,sell,10.2,22000,trailing_stop,4009.58,0.0182,1.0,56.07,112.14
2024-12-20,603220,sell,24.935,8100,trailing_stop,210.85,0.001,1.0,50.47,100.94
2024-12-20,600234,buy,6.423,33300,,,,,53.47,0.0
2024-12-20,601599,buy,4.362,49000,,,,,53.44,0.0
2024-12-23,600071,sell,24.8,8500,hard_stop,-5641.46,-0.0261,2.0,52.67,105.35
2024-12-23,601599,sell,4.25,49000,hard_stop,-5757.05,-0.0269,1.0,52.04,104.07
2024-12-23,603272,buy,17.306,12100,,,,,52.35,0.0
2024-12-23,603042,buy,14.727,14200,,,,,52.28,0.0
2024-12-23,600234,sell,6.29,33300,hard_stop,-4697.64,-0.022,1.0,52.34,104.68
2024-12-23,002396,buy,19.358,10800,,,,,52.27,0.0
2024-12-24,603272,sell,16.787,12100,hard_stop,-6535.81,-0.0312,1.0,50.75,101.51
2024-12-24,603042,sell,14.286,14200,hard_stop,-6527.35,-0.0312,1.0,50.69,101.38
2024-12-24,002396,sell,19.052,10800,hard_stop,-3559.96,-0.017,1.0,51.41,102.83
2024-12-24,600071,buy,23.812,8500,,,,,50.6,0.0
2024-12-24,603042,buy,14.357,14200,,,,,50.97,0.0
2024-12-24,603648,buy,10.57,19300,,,,,51.0,0.0
2024-12-25,600071,sell,23.35,8500,hard_stop,-4174.17,-0.0206,1.0,49.59,99.19
2024-12-25,603042,sell,14.81,14200,trailing_stop,6167.32,0.0303,1.0,52.55,105.1
2024-12-25,603648,sell,10.38,19300,trailing_stop,-3926.3,-0.0192,1.0,50.06,100.12
2024-12-25,603629,buy,21.123,9600,,,,,50.7,0.0
2024-12-25,600397,buy,2.951,68800,,,,,50.77,0.0
2024-12-25,603129,buy,155.785,1300,,,,,50.63,0.0
2024-12-26,603629,sell,20.984,9600,hard_stop,-1594.18,-0.0079,1.0,50.34,100.67
2024-12-26,603193,buy,23.407,8600,,,,,50.33,0.0
2024-12-27,600397,sell,3.49,68800,trailing_stop,36750.47,0.181,2.0,60.0,120.0
2024-12-27,603193,sell,23.889,8600,trailing_stop,3887.44,0.0193,1.0,51.34,102.67
2024-12-27,603129,sell,152.419,1300,hard_stop,-4623.39,-0.0228,2.0,49.51,99.02
2024-12-27,603377,buy,2.431,88200,,,,,53.61,0.0
2024-12-27,603042,buy,16.818,12700,,,,,53.4,0.0
2024-12-27,002396,buy,20.474,10500,,,,,53.74,0.0
2024-12-30,603377,sell,2.358,88200,hard_stop,-6692.92,-0.0312,1.0,51.97,103.95
2024-12-30,603042,sell,16.314,12700,hard_stop,-6666.72,-0.0312,1.0,51.77,103.54
2024-12-30,002396,sell,20.079,10500,hard_stop,-4413.25,-0.0205,1.0,52.68,105.36
2024-12-30,601798,buy,7.864,26500,,,,,52.1,0.0
2024-12-30,600381,buy,3.642,57200,,,,,52.08,0.0
2024-12-30,603129,buy,153.239,1300,,,,,49.8,0.0
2024-12-31,601798,sell,7.8,26500,hard_stop,-1952.44,-0.0094,1.0,51.65,103.3
2024-12-31,600381,sell,3.6,57200,hard_stop,-2649.43,-0.0127,1.0,51.45,102.91
2024-12-31,603129,sell,152.614,1300,trailing_stop,-1059.91,-0.0053,1.0,49.57,99.15
2024-12-31,600857,buy,9.235,22300,,,,,51.48,0.0
2024-12-31,603206,buy,17.699,11600,,,,,51.33,0.0
2024-12-31,603657,buy,17.239,12000,,,,,51.72,0.0
2024-12-31,600857,sell,9.3,22300,end_of_sim,1198.93,0.0058,0.0,51.82,103.64
2024-12-31,603206,sell,17.38,11600,end_of_sim,-3950.54,-0.0192,0.0,50.38,100.75
2024-12-31,603657,sell,17.11,12000,end_of_sim,-1798.3,-0.0087,0.0,51.31,102.61
